game_id,season,type,date_time_GMT,away_team_id,home_team_id,away_goals,home_goals,outcome,home_rink_side_start
2018020001,20182019,R,2018-10-03T23:00:00Z,8,10,2,3,home win OT,right
2018020002,20182019,R,2018-10-03T23:30:00Z,6,15,0,7,home win REG,right
2018020003,20182019,R,2018-10-04T02:00:00Z,20,23,2,5,home win REG,right
2018020004,20182019,R,2018-10-04T02:30:00Z,24,28,5,2,away win REG,left
2018020005,20182019,R,2018-10-04T23:00:00Z,6,7,4,0,away win REG,left
2018020007,20182019,R,2018-10-04T23:00:00Z,15,5,6,7,home win OT,left
2018020008,20182019,R,2018-10-04T23:00:00Z,2,12,2,1,away win OT,right
2018020006,20182019,R,2018-10-04T23:30:00Z,18,3,3,2,away win REG,right
2018020009,20182019,R,2018-10-04T23:30:00Z,16,9,4,3,away win OT,left
2018020010,20182019,R,2018-10-04T23:30:00Z,29,17,3,2,away win OT,right
2018020011,20182019,R,2018-10-05T00:00:00Z,52,19,5,1,away win REG,left
2018020012,20182019,R,2018-10-05T00:30:00Z,53,25,0,3,home win REG,right
2018020013,20182019,R,2018-10-05T01:00:00Z,30,21,1,4,home win REG,right
2018020014,20182019,R,2018-10-05T02:00:00Z,4,54,5,2,away win REG,
2018020015,20182019,R,2018-10-05T23:00:00Z,12,29,3,1,away win REG,left
2018020016,20182019,R,2018-10-06T02:30:00Z,28,26,3,2,away win OT,right
2018020020,20182019,R,2018-10-06T17:00:00Z,22,1,2,5,home win REG,left
2018020023,20182019,R,2018-10-06T23:00:00Z,52,25,1,5,home win REG,right
2018020017,20182019,R,2018-10-06T23:00:00Z,3,7,1,3,home win REG,left
2018020018,20182019,R,2018-10-06T23:00:00Z,9,10,5,3,away win REG,right
2018020019,20182019,R,2018-10-06T23:00:00Z,13,14,1,2,home win OT,left
2018020021,20182019,R,2018-10-06T23:00:00Z,18,2,4,3,away win REG,left
2018020022,20182019,R,2018-10-06T23:00:00Z,8,5,5,1,away win REG,left
2018020024,20182019,R,2018-10-07T00:00:00Z,16,19,5,4,away win OT,left
2018020025,20182019,R,2018-10-07T00:00:00Z,54,30,2,1,away win OT,right
2018020027,20182019,R,2018-10-07T01:00:00Z,24,53,1,0,away win REG,left
2018020026,20182019,R,2018-10-07T01:00:00Z,4,21,2,5,home win REG,right
2018020028,20182019,R,2018-10-07T02:00:00Z,23,20,4,7,home win REG,right
2018020029,20182019,R,2018-10-07T21:00:00Z,3,12,5,8,home win REG,right
2018020030,20182019,R,2018-10-07T23:00:00Z,10,16,7,6,away win OT,right
2018020031,20182019,R,2018-10-08T02:30:00Z,17,26,2,4,home win REG,right
2018020032,20182019,R,2018-10-08T17:00:00Z,9,6,3,6,home win REG,left
2018020033,20182019,R,2018-10-08T17:00:00Z,28,2,0,4,home win REG,left
2018020034,20182019,R,2018-10-08T19:00:00Z,54,7,2,4,home win REG,left
2018020035,20182019,R,2018-10-09T02:00:00Z,17,24,2,3,home win OT,left
2018020036,20182019,R,2018-10-09T23:00:00Z,28,4,8,2,away win REG,right
2018020037,20182019,R,2018-10-09T23:00:00Z,23,12,3,5,home win REG,right
2018020038,20182019,R,2018-10-09T23:00:00Z,21,29,2,5,home win REG,left
2018020039,20182019,R,2018-10-10T00:00:00Z,20,18,3,0,away win REG,left
2018020040,20182019,R,2018-10-10T00:00:00Z,26,52,1,2,home win REG,right
2018020041,20182019,R,2018-10-10T00:30:00Z,10,25,7,4,away win REG,right
2018020042,20182019,R,2018-10-10T23:30:00Z,4,9,7,4,away win REG,left
2018020043,20182019,R,2018-10-11T00:00:00Z,54,15,2,5,home win REG,right
2018020044,20182019,R,2018-10-11T02:00:00Z,53,24,3,2,away win OT,left
2018020045,20182019,R,2018-10-11T23:00:00Z,22,6,1,4,home win REG,left
2018020046,20182019,R,2018-10-11T23:00:00Z,21,7,6,1,away win REG,left
2018020047,20182019,R,2018-10-11T23:00:00Z,29,13,5,4,away win REG,right
2018020048,20182019,R,2018-10-11T23:00:00Z,15,1,0,6,home win REG,left
2018020049,20182019,R,2018-10-11T23:00:00Z,28,3,2,3,home win OT,right
2018020050,20182019,R,2018-10-11T23:00:00Z,54,5,2,4,home win REG,left
2018020051,20182019,R,2018-10-11T23:30:00Z,26,8,3,0,away win REG,right
2018020052,20182019,R,2018-10-11T23:30:00Z,10,17,5,3,away win REG,right
2018020053,20182019,R,2018-10-11T23:30:00Z,23,14,4,1,away win REG,left
2018020054,20182019,R,2018-10-12T00:00:00Z,20,19,3,5,home win REG,left
2018020055,20182019,R,2018-10-12T00:00:00Z,52,18,0,3,home win REG,left
2018020056,20182019,R,2018-10-12T00:00:00Z,16,30,3,4,home win OT,right
2018020057,20182019,R,2018-10-13T17:00:00Z,22,3,2,1,away win REG,right
2018020058,20182019,R,2018-10-13T17:00:00Z,54,4,1,0,away win REG,right
2018020059,20182019,R,2018-10-13T18:00:00Z,26,9,1,5,home win REG,left
2018020061,20182019,R,2018-10-13T19:00:00Z,17,6,2,8,home win REG,left
2018020060,20182019,R,2018-10-13T22:00:00Z,12,30,5,4,away win OT,right
2018020062,20182019,R,2018-10-13T23:00:00Z,5,8,3,4,home win OT,right
2018020063,20182019,R,2018-10-13T23:00:00Z,29,14,2,8,home win REG,left
2018020064,20182019,R,2018-10-13T23:00:00Z,23,13,3,2,away win REG,right
2018020065,20182019,R,2018-10-13T23:00:00Z,10,15,4,2,away win REG,right
2018020066,20182019,R,2018-10-14T00:00:00Z,2,18,2,5,home win REG,left
2018020067,20182019,R,2018-10-14T00:00:00Z,24,25,3,5,home win REG,right
2018020068,20182019,R,2018-10-14T00:30:00Z,19,16,3,4,home win OT,right
2018020069,20182019,R,2018-10-14T01:00:00Z,7,53,3,0,away win REG,left
2018020070,20182019,R,2018-10-14T02:00:00Z,20,21,3,2,away win OT,right
2018020071,20182019,R,2018-10-14T17:00:00Z,28,1,2,3,home win REG,left
2018020072,20182019,R,2018-10-14T23:00:00Z,24,19,3,2,away win REG,left
2018020073,20182019,R,2018-10-14T23:00:00Z,12,52,1,3,home win REG,right
2018020074,20182019,R,2018-10-15T23:30:00Z,26,10,1,4,home win REG,right
2018020075,20182019,R,2018-10-15T23:30:00Z,17,8,3,7,home win REG,right
2018020076,20182019,R,2018-10-15T23:30:00Z,25,9,1,4,home win REG,left
2018020077,20182019,R,2018-10-16T00:00:00Z,30,18,2,4,home win REG,left
2018020078,20182019,R,2018-10-16T23:00:00Z,25,1,0,3,home win REG,left
2018020079,20182019,R,2018-10-16T23:00:00Z,21,3,2,3,home win OT,right
2018020080,20182019,R,2018-10-16T23:00:00Z,13,4,5,6,home win OT,right
2018020081,20182019,R,2018-10-16T23:00:00Z,23,5,3,2,away win OT,left
2018020082,20182019,R,2018-10-16T23:30:00Z,12,14,2,4,home win REG,left
2018020083,20182019,R,2018-10-17T00:00:00Z,53,30,1,2,home win REG,right
2018020084,20182019,R,2018-10-17T00:00:00Z,22,52,5,4,away win OT,right
2018020085,20182019,R,2018-10-17T02:00:00Z,7,54,1,4,home win REG,
2018020086,20182019,R,2018-10-17T23:00:00Z,19,8,2,3,home win REG,right
2018020087,20182019,R,2018-10-17T23:00:00Z,3,15,3,4,home win OT,right
2018020088,20182019,R,2018-10-18T01:30:00Z,6,20,2,5,home win REG,right
2018020089,20182019,R,2018-10-18T02:00:00Z,2,24,1,4,home win REG,left
2018020090,20182019,R,2018-10-18T23:00:00Z,5,10,3,0,away win REG,right
2018020091,20182019,R,2018-10-18T23:00:00Z,21,1,5,3,away win REG,left
2018020092,20182019,R,2018-10-18T23:00:00Z,4,29,3,6,home win REG,left
2018020093,20182019,R,2018-10-18T23:30:00Z,17,14,1,3,home win REG,left
2018020094,20182019,R,2018-10-19T00:00:00Z,23,52,1,4,home win REG,right
2018020095,20182019,R,2018-10-19T00:30:00Z,53,16,4,1,away win REG,right
2018020096,20182019,R,2018-10-19T01:00:00Z,6,22,2,3,home win OT,left
2018020097,20182019,R,2018-10-19T02:30:00Z,2,26,7,2,away win REG,right
2018020098,20182019,R,2018-10-19T02:30:00Z,7,28,1,5,home win REG,left
2018020099,20182019,R,2018-10-19T23:00:00Z,13,15,6,5,away win OT,right
2018020100,20182019,R,2018-10-20T00:00:00Z,30,25,3,1,away win REG,right
2018020101,20182019,R,2018-10-20T01:00:00Z,18,20,5,3,away win REG,right
2018020102,20182019,R,2018-10-20T17:00:00Z,1,4,2,5,home win REG,right
2018020103,20182019,R,2018-10-20T17:00:00Z,21,12,3,1,away win REG,right
2018020105,20182019,R,2018-10-20T19:30:00Z,7,26,5,1,away win REG,right
2018020104,20182019,R,2018-10-20T20:00:00Z,53,52,3,5,home win REG,right
2018020106,20182019,R,2018-10-20T23:00:00Z,19,10,4,1,away win REG,right
2018020107,20182019,R,2018-10-20T23:00:00Z,8,9,3,4,home win OT,left
2018020108,20182019,R,2018-10-20T23:00:00Z,17,13,4,3,away win OT,right
2018020109,20182019,R,2018-10-20T23:00:00Z,16,29,4,1,away win REG,left
2018020110,20182019,R,2018-10-21T00:00:00Z,14,30,4,5,home win OT,right
2018020112,20182019,R,2018-10-21T02:00:00Z,6,23,1,2,home win OT,right
2018020113,20182019,R,2018-10-21T02:00:00Z,24,54,1,3,home win REG,
2018020111,20182019,R,2018-10-21T02:00:00Z,18,22,3,0,away win REG,left
2018020114,20182019,R,2018-10-21T02:30:00Z,2,28,1,4,home win REG,left
2018020116,20182019,R,2018-10-21T23:00:00Z,14,16,6,3,away win REG,right
2018020115,20182019,R,2018-10-21T23:00:00Z,20,3,4,1,away win REG,right
2018020117,20182019,R,2018-10-22T00:00:00Z,7,24,4,2,away win REG,left
2018020118,20182019,R,2018-10-22T23:00:00Z,21,4,4,1,away win REG,right
2018020119,20182019,R,2018-10-22T23:30:00Z,12,17,3,1,away win REG,right
2018020120,20182019,R,2018-10-23T00:00:00Z,19,52,4,5,home win OT,right
2018020121,20182019,R,2018-10-23T02:00:00Z,15,23,5,2,away win REG,right
2018020122,20182019,R,2018-10-23T23:00:00Z,13,3,2,5,home win REG,right
2018020123,20182019,R,2018-10-23T23:00:00Z,53,29,4,1,away win REG,left
2018020124,20182019,R,2018-10-23T23:30:00Z,20,8,2,3,home win REG,right
2018020125,20182019,R,2018-10-23T23:30:00Z,6,9,4,1,away win REG,left
2018020126,20182019,R,2018-10-24T00:00:00Z,28,18,5,4,away win REG,left
2018020127,20182019,R,2018-10-24T00:30:00Z,24,16,1,3,home win REG,right
2018020128,20182019,R,2018-10-24T00:30:00Z,26,25,2,4,home win REG,right
2018020129,20182019,R,2018-10-24T01:00:00Z,5,22,6,5,away win OT,left
2018020131,20182019,R,2018-10-24T23:00:00Z,10,52,4,2,away win REG,right
2018020130,20182019,R,2018-10-24T23:00:00Z,13,2,3,2,away win OT,left
2018020132,20182019,R,2018-10-25T01:30:00Z,14,21,1,0,away win REG,right
2018020133,20182019,R,2018-10-25T02:00:00Z,23,54,3,2,away win OT,
2018020134,20182019,R,2018-10-25T23:00:00Z,4,6,0,3,home win REG,left
2018020135,20182019,R,2018-10-25T23:00:00Z,8,7,3,4,home win REG,left
2018020136,20182019,R,2018-10-25T23:00:00Z,18,1,4,3,away win OT,left
2018020137,20182019,R,2018-10-26T00:00:00Z,29,19,7,4,away win REG,left
2018020138,20182019,R,2018-10-26T00:00:00Z,26,30,1,4,home win REG,right
2018020139,20182019,R,2018-10-26T00:30:00Z,3,16,1,4,home win REG,right
2018020140,20182019,R,2018-10-26T00:30:00Z,24,25,2,5,home win REG,right
2018020141,20182019,R,2018-10-26T01:00:00Z,5,20,9,1,away win REG,right
2018020142,20182019,R,2018-10-26T01:00:00Z,15,22,1,4,home win REG,left
2018020143,20182019,R,2018-10-26T02:00:00Z,23,53,1,4,home win REG,left
2018020144,20182019,R,2018-10-26T22:00:00Z,14,54,3,2,away win REG,
2018020145,20182019,R,2018-10-26T23:30:00Z,52,17,2,1,away win REG,right
2018020146,20182019,R,2018-10-26T23:30:00Z,28,12,3,4,home win OT,right
2018020147,20182019,R,2018-10-27T01:00:00Z,9,21,3,6,home win REG,right
2018020148,20182019,R,2018-10-27T16:00:00Z,13,1,2,3,home win REG,left
2018020149,20182019,R,2018-10-27T17:00:00Z,2,4,6,1,away win REG,right
2018020150,20182019,R,2018-10-27T19:00:00Z,22,18,5,3,away win REG,left
2018020151,20182019,R,2018-10-27T20:00:00Z,15,20,4,3,away win OT,right
2018020152,20182019,R,2018-10-27T23:00:00Z,8,6,3,0,away win REG,left
2018020153,20182019,R,2018-10-27T23:00:00Z,52,10,2,3,home win REG,right
2018020154,20182019,R,2018-10-27T23:00:00Z,7,29,4,5,home win OT,left
2018020155,20182019,R,2018-10-28T00:00:00Z,16,19,3,7,home win REG,left
2018020156,20182019,R,2018-10-28T00:00:00Z,21,30,2,3,home win REG,right
2018020157,20182019,R,2018-10-28T01:00:00Z,14,53,1,7,home win REG,left
2018020158,20182019,R,2018-10-28T02:00:00Z,5,23,5,0,away win REG,right
2018020159,20182019,R,2018-10-28T19:30:00Z,3,26,3,4,home win REG,right
2018020160,20182019,R,2018-10-28T21:00:00Z,25,17,2,4,home win REG,right
2018020161,20182019,R,2018-10-28T21:00:00Z,2,12,2,1,away win REG,right
2018020162,20182019,R,2018-10-28T22:00:00Z,22,16,2,1,away win OT,right
2018020163,20182019,R,2018-10-29T00:00:00Z,9,54,3,4,home win OT,
2018020164,20182019,R,2018-10-29T00:00:00Z,28,24,4,3,away win OT,left
2018020165,20182019,R,2018-10-29T23:00:00Z,20,10,3,1,away win REG,right
2018020166,20182019,R,2018-10-30T02:00:00Z,30,23,2,5,home win REG,right
2018020167,20182019,R,2018-10-30T23:00:00Z,20,7,2,1,away win OT,left
2018020168,20182019,R,2018-10-30T23:00:00Z,2,5,6,3,away win REG,left
2018020169,20182019,R,2018-10-30T23:00:00Z,6,12,3,2,away win REG,right
2018020170,20182019,R,2018-10-30T23:00:00Z,17,29,5,3,away win REG,left
2018020171,20182019,R,2018-10-30T23:30:00Z,25,8,4,1,away win REG,right
2018020172,20182019,R,2018-10-30T23:30:00Z,1,14,3,8,home win REG,left
2018020173,20182019,R,2018-10-31T00:00:00Z,54,18,1,4,home win REG,left
2018020174,20182019,R,2018-10-31T01:00:00Z,30,22,4,3,away win REG,left
2018020175,20182019,R,2018-10-31T02:00:00Z,9,53,1,5,home win REG,left
2018020176,20182019,R,2018-10-31T02:00:00Z,4,24,3,2,away win REG,left
2018020177,20182019,R,2018-10-31T02:30:00Z,3,28,4,3,away win OT,left
2018020178,20182019,R,2018-11-01T02:00:00Z,16,23,2,4,home win REG,right
2018020180,20182019,R,2018-11-01T18:00:00Z,52,13,4,2,away win REG,right
2018020179,20182019,R,2018-11-01T23:00:00Z,25,10,2,1,away win REG,right
2018020181,20182019,R,2018-11-01T23:00:00Z,5,2,2,3,home win OT,left
2018020182,20182019,R,2018-11-01T23:30:00Z,15,8,4,6,home win REG,right
2018020183,20182019,R,2018-11-01T23:30:00Z,7,9,2,4,home win REG,left
2018020184,20182019,R,2018-11-01T23:30:00Z,1,17,3,4,home win REG,right
2018020185,20182019,R,2018-11-01T23:30:00Z,18,14,4,1,away win REG,left
2018020186,20182019,R,2018-11-02T00:00:00Z,54,19,3,5,home win REG,left
2018020187,20182019,R,2018-11-02T01:00:00Z,21,20,5,6,home win REG,right
2018020188,20182019,R,2018-11-02T01:00:00Z,16,22,0,4,home win REG,left
2018020189,20182019,R,2018-11-02T02:00:00Z,3,24,3,2,away win OT,left
2018020190,20182019,R,2018-11-02T02:30:00Z,4,26,5,2,away win REG,right
2018020191,20182019,R,2018-11-02T02:30:00Z,29,28,4,1,away win REG,left
2018020192,20182019,R,2018-11-02T18:00:00Z,13,52,4,2,away win REG,right
2018020193,20182019,R,2018-11-03T02:00:00Z,21,23,6,7,home win OT,right
2018020194,20182019,R,2018-11-03T02:00:00Z,12,53,3,4,home win OT,left
2018020195,20182019,R,2018-11-03T18:00:00Z,9,7,2,9,home win REG,left
2018020196,20182019,R,2018-11-03T23:00:00Z,14,8,4,1,away win REG,right
2018020197,20182019,R,2018-11-03T23:00:00Z,22,17,4,3,away win REG,right
2018020198,20182019,R,2018-11-03T23:00:00Z,1,2,0,3,home win REG,left
2018020199,20182019,R,2018-11-03T23:00:00Z,10,5,5,0,away win REG,left
2018020200,20182019,R,2018-11-03T23:00:00Z,25,15,4,3,away win OT,right
2018020201,20182019,R,2018-11-04T00:00:00Z,30,19,5,1,away win REG,left
2018020202,20182019,R,2018-11-04T00:00:00Z,6,18,0,1,home win REG,left
2018020204,20182019,R,2018-11-04T02:00:00Z,12,54,0,3,home win REG,
2018020203,20182019,R,2018-11-04T02:00:00Z,16,20,3,5,home win REG,right
2018020205,20182019,R,2018-11-04T02:30:00Z,29,26,1,4,home win REG,right
2018020206,20182019,R,2018-11-04T02:30:00Z,4,28,3,4,home win OT,left
2018020207,20182019,R,2018-11-05T00:00:00Z,14,9,4,3,away win OT,left
2018020208,20182019,R,2018-11-05T00:00:00Z,7,3,1,3,home win REG,right
2018020209,20182019,R,2018-11-05T02:00:00Z,29,24,2,3,home win OT,left
2018020210,20182019,R,2018-11-06T00:00:00Z,25,6,1,2,home win OT,left
2018020211,20182019,R,2018-11-06T00:00:00Z,8,2,4,3,away win OT,left
2018020212,20182019,R,2018-11-06T00:00:00Z,1,5,5,1,away win REG,left
2018020213,20182019,R,2018-11-06T00:00:00Z,22,15,2,4,home win REG,right
2018020214,20182019,R,2018-11-06T02:00:00Z,4,53,5,2,away win REG,left
2018020215,20182019,R,2018-11-07T00:00:00Z,54,10,1,3,home win REG,right
2018020216,20182019,R,2018-11-07T00:00:00Z,8,3,3,5,home win REG,right
2018020217,20182019,R,2018-11-07T00:00:00Z,25,29,1,4,home win REG,left
2018020218,20182019,R,2018-11-07T00:30:00Z,1,9,3,7,home win REG,left
2018020219,20182019,R,2018-11-07T00:30:00Z,23,17,2,3,home win OT,right
2018020220,20182019,R,2018-11-07T00:30:00Z,22,14,2,5,home win REG,left
2018020221,20182019,R,2018-11-07T01:00:00Z,12,19,1,4,home win REG,left
2018020222,20182019,R,2018-11-07T03:30:00Z,24,26,1,4,home win REG,right
2018020223,20182019,R,2018-11-07T03:30:00Z,30,28,3,4,home win REG,left
2018020224,20182019,R,2018-11-08T00:30:00Z,5,15,1,2,home win REG,right
2018020225,20182019,R,2018-11-08T03:00:00Z,18,21,4,1,away win REG,right
2018020226,20182019,R,2018-11-08T03:30:00Z,20,24,2,3,home win REG,left
2018020227,20182019,R,2018-11-09T00:00:00Z,23,6,8,5,away win REG,left
2018020228,20182019,R,2018-11-09T00:00:00Z,22,13,1,4,home win REG,right
2018020229,20182019,R,2018-11-09T00:00:00Z,53,4,4,5,home win OT,right
2018020230,20182019,R,2018-11-09T00:30:00Z,7,8,6,5,away win OT,right
2018020231,20182019,R,2018-11-09T00:30:00Z,54,9,5,3,away win REG,left
2018020232,20182019,R,2018-11-09T00:30:00Z,2,14,2,4,home win REG,left
2018020233,20182019,R,2018-11-09T01:30:00Z,12,16,4,3,away win REG,right
2018020234,20182019,R,2018-11-09T01:30:00Z,28,25,3,4,home win REG,right
2018020235,20182019,R,2018-11-09T03:30:00Z,30,26,3,1,away win REG,right
2018020236,20182019,R,2018-11-10T00:00:00Z,1,10,1,6,home win REG,right
2018020237,20182019,R,2018-11-10T00:00:00Z,29,15,2,1,away win REG,right
2018020238,20182019,R,2018-11-10T00:30:00Z,3,17,2,3,home win OT,right
2018020239,20182019,R,2018-11-10T01:00:00Z,28,19,0,4,home win REG,left
2018020240,20182019,R,2018-11-10T01:00:00Z,21,52,2,5,home win REG,right
2018020241,20182019,R,2018-11-10T03:00:00Z,30,24,5,1,away win REG,left
2018020242,20182019,R,2018-11-10T18:00:00Z,23,7,3,4,home win OT,left
2018020243,20182019,R,2018-11-10T18:00:00Z,16,4,0,4,home win REG,right
2018020244,20182019,R,2018-11-10T19:00:00Z,18,25,5,4,away win OT,right
2018020245,20182019,R,2018-11-11T00:00:00Z,10,6,1,5,home win REG,left
2018020246,20182019,R,2018-11-11T00:00:00Z,54,8,4,5,home win REG,right
2018020247,20182019,R,2018-11-11T00:00:00Z,9,14,6,4,away win REG,left
2018020248,20182019,R,2018-11-11T00:00:00Z,2,13,2,4,home win REG,right
2018020249,20182019,R,2018-11-11T00:00:00Z,53,5,0,4,home win REG,left
2018020250,20182019,R,2018-11-11T00:00:00Z,17,12,4,3,away win OT,right
2018020251,20182019,R,2018-11-11T00:00:00Z,3,29,5,4,away win OT,left
2018020252,20182019,R,2018-11-11T03:00:00Z,20,26,1,0,away win REG,right
2018020253,20182019,R,2018-11-11T20:00:00Z,30,19,3,2,away win REG,left
2018020254,20182019,R,2018-11-11T22:00:00Z,9,13,1,5,home win REG,right
2018020255,20182019,R,2018-11-11T22:00:00Z,53,15,4,1,away win REG,right
2018020257,20182019,R,2018-11-12T00:00:00Z,1,52,2,5,home win REG,right
2018020256,20182019,R,2018-11-12T00:00:00Z,54,6,1,4,home win REG,left
2018020258,20182019,R,2018-11-12T02:00:00Z,20,28,1,3,home win REG,left
2018020259,20182019,R,2018-11-12T02:30:00Z,21,22,4,1,away win REG,left
2018020260,20182019,R,2018-11-13T00:00:00Z,23,3,1,2,home win REG,right
2018020261,20182019,R,2018-11-13T00:00:00Z,16,12,2,3,home win OT,right
2018020262,20182019,R,2018-11-13T01:30:00Z,29,25,2,1,away win REG,right
2018020263,20182019,R,2018-11-13T03:00:00Z,18,24,1,2,home win OT,left
2018020265,20182019,R,2018-11-14T00:00:00Z,5,1,2,4,home win REG,left
2018020266,20182019,R,2018-11-14T00:00:00Z,23,2,2,5,home win REG,left
2018020267,20182019,R,2018-11-14T00:00:00Z,13,4,2,1,away win REG,right
2018020264,20182019,R,2018-11-14T00:30:00Z,14,7,1,2,home win REG,left
2018020268,20182019,R,2018-11-14T00:30:00Z,53,17,1,6,home win REG,right
2018020269,20182019,R,2018-11-14T01:00:00Z,15,30,5,2,away win REG,right
2018020270,20182019,R,2018-11-14T02:00:00Z,8,22,2,6,home win REG,left
2018020271,20182019,R,2018-11-14T03:30:00Z,10,26,5,1,away win REG,right
2018020272,20182019,R,2018-11-14T03:30:00Z,18,28,4,5,home win REG,left
2018020273,20182019,R,2018-11-15T01:00:00Z,19,16,0,1,home win REG,right
2018020274,20182019,R,2018-11-15T01:00:00Z,15,52,1,3,home win REG,right
2018020275,20182019,R,2018-11-15T03:00:00Z,6,21,3,6,home win REG,right
2018020276,20182019,R,2018-11-15T03:30:00Z,24,54,0,5,home win REG,
2018020277,20182019,R,2018-11-16T00:00:00Z,3,2,5,7,home win REG,left
2018020278,20182019,R,2018-11-16T00:00:00Z,1,4,3,0,away win REG,right
2018020279,20182019,R,2018-11-16T00:00:00Z,14,5,4,3,away win REG,left
2018020280,20182019,R,2018-11-16T00:00:00Z,13,29,3,7,home win REG,left
2018020281,20182019,R,2018-11-16T00:30:00Z,17,9,1,2,home win REG,left
2018020282,20182019,R,2018-11-16T01:00:00Z,23,30,2,6,home win REG,right
2018020283,20182019,R,2018-11-16T02:00:00Z,8,20,3,2,away win REG,right
2018020284,20182019,R,2018-11-16T02:00:00Z,18,53,1,2,home win REG,left
2018020285,20182019,R,2018-11-16T03:30:00Z,10,28,5,3,away win REG,left
2018020286,20182019,R,2018-11-17T01:00:00Z,6,25,0,1,home win OT,right
2018020287,20182019,R,2018-11-17T01:00:00Z,7,52,2,1,away win OT,right
2018020288,20182019,R,2018-11-17T01:30:00Z,26,16,2,1,away win OT,right
2018020289,20182019,R,2018-11-17T02:00:00Z,15,21,3,2,away win OT,right
2018020290,20182019,R,2018-11-17T03:00:00Z,19,54,4,1,away win REG,
2018020291,20182019,R,2018-11-17T03:00:00Z,10,24,2,1,away win OT,left
2018020292,20182019,R,2018-11-17T18:00:00Z,17,1,3,2,away win OT,left
2018020293,20182019,R,2018-11-17T18:00:00Z,14,4,6,5,away win OT,right
2018020294,20182019,R,2018-11-17T23:00:00Z,7,30,3,2,away win REG,right
2018020298,20182019,R,2018-11-18T00:00:00Z,8,23,3,2,away win REG,right
2018020295,20182019,R,2018-11-18T00:00:00Z,5,9,4,6,home win REG,left
2018020296,20182019,R,2018-11-18T00:00:00Z,13,3,2,4,home win REG,right
2018020297,20182019,R,2018-11-18T00:00:00Z,29,12,4,1,away win REG,right
2018020300,20182019,R,2018-11-18T01:00:00Z,6,53,2,1,away win REG,left
2018020299,20182019,R,2018-11-18T01:00:00Z,26,18,3,5,home win REG,left
2018020301,20182019,R,2018-11-18T03:00:00Z,22,20,2,4,home win REG,right
2018020302,20182019,R,2018-11-18T03:30:00Z,19,28,0,4,home win REG,left
2018020303,20182019,R,2018-11-18T18:00:00Z,25,2,6,2,away win REG,left
2018020304,20182019,R,2018-11-18T22:00:00Z,1,12,1,2,home win REG,right
2018020305,20182019,R,2018-11-18T23:00:00Z,30,16,1,3,home win REG,right
2018020307,20182019,R,2018-11-19T01:00:00Z,21,24,4,3,away win OT,left
2018020306,20182019,R,2018-11-19T01:00:00Z,54,22,6,3,away win REG,left
2018020308,20182019,R,2018-11-20T00:00:00Z,29,10,2,4,home win REG,right
2018020309,20182019,R,2018-11-20T00:00:00Z,25,3,1,2,home win REG,right
2018020310,20182019,R,2018-11-20T00:00:00Z,7,5,5,4,away win OT,left
2018020311,20182019,R,2018-11-20T00:30:00Z,15,8,5,4,away win OT,right
2018020312,20182019,R,2018-11-20T00:30:00Z,13,9,7,5,away win REG,left
2018020313,20182019,R,2018-11-20T01:00:00Z,26,19,2,0,away win REG,left
2018020314,20182019,R,2018-11-20T01:00:00Z,14,18,2,3,home win REG,left
2018020315,20182019,R,2018-11-20T02:00:00Z,54,20,2,7,home win REG,right
2018020316,20182019,R,2018-11-20T03:00:00Z,52,23,6,3,away win REG,right
2018020317,20182019,R,2018-11-21T03:30:00Z,22,28,4,3,away win OT,left
2018020319,20182019,R,2018-11-22T00:00:00Z,8,1,2,5,home win REG,left
2018020320,20182019,R,2018-11-22T00:00:00Z,2,3,0,5,home win REG,right
2018020321,20182019,R,2018-11-22T00:00:00Z,25,5,1,5,home win REG,left
2018020322,20182019,R,2018-11-22T00:00:00Z,16,15,2,4,home win REG,right
2018020323,20182019,R,2018-11-22T00:00:00Z,10,12,2,5,home win REG,right
2018020318,20182019,R,2018-11-22T00:30:00Z,4,7,2,5,home win REG,left
2018020324,20182019,R,2018-11-22T00:30:00Z,6,17,2,3,home win OT,right
2018020325,20182019,R,2018-11-22T00:30:00Z,13,14,3,7,home win REG,left
2018020326,20182019,R,2018-11-22T01:00:00Z,19,18,1,4,home win REG,left
2018020327,20182019,R,2018-11-22T01:00:00Z,9,30,4,6,home win REG,right
2018020328,20182019,R,2018-11-22T02:00:00Z,54,53,3,2,away win OT,left
2018020330,20182019,R,2018-11-22T03:00:00Z,23,24,3,4,home win REG,left
2018020329,20182019,R,2018-11-22T03:00:00Z,52,20,3,6,home win REG,right
2018020331,20182019,R,2018-11-22T03:30:00Z,21,26,7,3,away win REG,right
2018020332,20182019,R,2018-11-23T18:00:00Z,3,4,0,4,home win REG,right
2018020337,20182019,R,2018-11-23T21:00:00Z,22,24,1,2,home win OT,left
2018020336,20182019,R,2018-11-23T21:00:00Z,52,30,2,4,home win REG,right
2018020333,20182019,R,2018-11-23T21:00:00Z,8,7,2,3,home win OT,left
2018020334,20182019,R,2018-11-23T21:00:00Z,2,1,4,3,away win OT,left
2018020335,20182019,R,2018-11-23T21:00:00Z,17,15,1,3,home win REG,right
2018020338,20182019,R,2018-11-23T23:00:00Z,20,54,0,2,home win REG,
2018020339,20182019,R,2018-11-24T00:00:00Z,10,29,2,4,home win REG,left
2018020340,20182019,R,2018-11-24T00:30:00Z,5,6,1,2,home win OT,left
2018020341,20182019,R,2018-11-24T00:30:00Z,16,14,2,4,home win REG,left
2018020342,20182019,R,2018-11-24T00:30:00Z,13,12,1,4,home win REG,right
2018020345,20182019,R,2018-11-24T01:00:00Z,21,53,5,1,away win REG,left
2018020343,20182019,R,2018-11-24T01:00:00Z,18,19,2,6,home win REG,left
2018020344,20182019,R,2018-11-24T01:00:00Z,9,25,4,6,home win REG,right
2018020346,20182019,R,2018-11-24T02:00:00Z,23,28,0,4,home win REG,left
2018020347,20182019,R,2018-11-24T19:00:00Z,15,3,5,3,away win REG,right
2018020354,20182019,R,2018-11-25T00:00:00Z,52,19,8,4,away win REG,left
2018020348,20182019,R,2018-11-25T00:00:00Z,4,10,0,6,home win REG,right
2018020349,20182019,R,2018-11-25T00:00:00Z,6,8,3,2,away win REG,right
2018020350,20182019,R,2018-11-25T00:00:00Z,7,17,3,2,away win OT,right
2018020351,20182019,R,2018-11-25T00:00:00Z,16,13,5,4,away win OT,right
2018020352,20182019,R,2018-11-25T00:00:00Z,12,2,1,4,home win REG,left
2018020353,20182019,R,2018-11-25T00:00:00Z,29,5,2,4,home win REG,left
2018020355,20182019,R,2018-11-25T02:00:00Z,25,21,2,3,home win REG,right
2018020356,20182019,R,2018-11-25T03:00:00Z,28,54,0,6,home win REG,
2018020357,20182019,R,2018-11-25T03:00:00Z,23,26,4,2,away win REG,right
2018020358,20182019,R,2018-11-25T20:00:00Z,20,53,6,1,away win REG,left
2018020359,20182019,R,2018-11-26T00:00:00Z,1,14,2,5,home win REG,left
2018020360,20182019,R,2018-11-26T01:00:00Z,24,18,2,5,home win REG,left
2018020361,20182019,R,2018-11-26T03:30:00Z,22,26,2,5,home win REG,right
2018020362,20182019,R,2018-11-27T00:00:00Z,6,10,2,4,home win REG,right
2018020363,20182019,R,2018-11-27T00:00:00Z,1,13,3,4,home win OT,right
2018020364,20182019,R,2018-11-27T00:00:00Z,15,2,4,1,away win REG,left
2018020365,20182019,R,2018-11-27T00:00:00Z,9,3,2,4,home win REG,right
2018020366,20182019,R,2018-11-27T00:30:00Z,29,17,7,5,away win REG,right
2018020367,20182019,R,2018-11-28T00:00:00Z,28,7,2,3,home win OT,left
2018020368,20182019,R,2018-11-28T00:00:00Z,9,4,4,3,away win REG,right
2018020369,20182019,R,2018-11-28T00:30:00Z,12,8,2,1,away win REG,right
2018020370,20182019,R,2018-11-28T00:30:00Z,24,14,3,1,away win REG,left
2018020371,20182019,R,2018-11-28T01:00:00Z,21,18,3,2,away win REG,left
2018020372,20182019,R,2018-11-28T01:00:00Z,53,30,4,3,away win REG,right
2018020373,20182019,R,2018-11-28T01:00:00Z,5,52,4,3,away win REG,right
2018020374,20182019,R,2018-11-28T01:00:00Z,54,16,8,3,away win REG,right
2018020375,20182019,R,2018-11-28T02:00:00Z,25,22,0,1,home win OT,left
2018020376,20182019,R,2018-11-28T03:00:00Z,26,23,2,1,away win OT,right
2018020377,20182019,R,2018-11-29T00:00:00Z,19,17,3,4,home win REG,right
2018020378,20182019,R,2018-11-29T00:00:00Z,24,13,3,2,away win REG,right
2018020379,20182019,R,2018-11-29T00:30:00Z,28,10,3,5,home win REG,right
2018020380,20182019,R,2018-11-29T02:00:00Z,25,20,4,3,away win OT,right
2018020381,20182019,R,2018-11-29T02:30:00Z,5,21,3,6,home win REG,right
2018020382,20182019,R,2018-11-30T00:00:00Z,2,6,1,2,home win OT,left
2018020383,20182019,R,2018-11-30T00:00:00Z,30,29,2,4,home win REG,left
2018020384,20182019,R,2018-11-30T00:30:00Z,3,9,0,3,home win REG,left
2018020385,20182019,R,2018-11-30T00:30:00Z,7,14,4,5,home win REG,left
2018020386,20182019,R,2018-11-30T01:00:00Z,53,18,3,0,away win REG,left
2018020387,20182019,R,2018-11-30T01:00:00Z,16,52,5,6,home win REG,right
2018020388,20182019,R,2018-11-30T02:00:00Z,26,22,2,3,home win REG,left
2018020389,20182019,R,2018-11-30T03:00:00Z,54,23,4,3,away win REG,right
2018020390,20182019,R,2018-12-01T00:00:00Z,7,13,2,3,home win OT,right
2018020391,20182019,R,2018-12-01T00:00:00Z,1,15,3,6,home win REG,right
2018020392,20182019,R,2018-12-01T00:30:00Z,24,12,2,1,away win OT,right
2018020393,20182019,R,2018-12-01T02:00:00Z,19,21,3,2,away win OT,right
2018020394,20182019,R,2018-12-01T02:00:00Z,26,20,1,4,home win REG,right
2018020395,20182019,R,2018-12-01T18:00:00Z,28,9,2,6,home win REG,left
2018020396,20182019,R,2018-12-01T21:00:00Z,25,23,2,1,away win REG,right
2018020403,20182019,R,2018-12-02T00:00:00Z,10,30,5,3,away win REG,right
2018020397,20182019,R,2018-12-02T00:00:00Z,17,6,4,2,away win REG,left
2018020398,20182019,R,2018-12-02T00:00:00Z,3,8,2,5,home win REG,right
2018020399,20182019,R,2018-12-02T00:00:00Z,14,13,5,4,away win OT,right
2018020400,20182019,R,2018-12-02T00:00:00Z,52,1,4,3,away win OT,left
2018020401,20182019,R,2018-12-02T00:00:00Z,29,2,2,3,home win REG,left
2018020402,20182019,R,2018-12-02T00:00:00Z,4,5,4,2,away win REG,left
2018020405,20182019,R,2018-12-02T01:00:00Z,19,53,1,6,home win REG,left
2018020404,20182019,R,2018-12-02T01:00:00Z,16,18,2,5,home win REG,left
2018020406,20182019,R,2018-12-02T03:00:00Z,54,22,1,2,home win REG,left
2018020407,20182019,R,2018-12-02T20:00:00Z,24,15,6,5,away win REG,right
2018020408,20182019,R,2018-12-02T23:00:00Z,52,3,4,3,away win OT,right
2018020411,20182019,R,2018-12-03T00:00:00Z,20,16,3,2,away win REG,right
2018020409,20182019,R,2018-12-03T00:00:00Z,28,8,3,1,away win REG,right
2018020410,20182019,R,2018-12-03T00:00:00Z,21,17,2,0,away win REG,right
2018020412,20182019,R,2018-12-03T03:30:00Z,12,26,0,2,home win REG,right
2018020413,20182019,R,2018-12-04T00:00:00Z,14,1,5,1,away win REG,left
2018020414,20182019,R,2018-12-04T01:00:00Z,7,18,1,2,home win REG,left
2018020415,20182019,R,2018-12-04T01:30:00Z,22,25,1,4,home win REG,right
2018020417,20182019,R,2018-12-05T00:00:00Z,6,13,0,5,home win REG,right
2018020418,20182019,R,2018-12-05T00:00:00Z,52,2,3,1,away win REG,left
2018020419,20182019,R,2018-12-05T00:00:00Z,21,5,3,6,home win REG,left
2018020420,20182019,R,2018-12-05T00:00:00Z,20,29,9,6,away win REG,left
2018020416,20182019,R,2018-12-05T00:30:00Z,10,7,4,3,away win OT,left
2018020421,20182019,R,2018-12-05T00:30:00Z,9,8,2,5,home win REG,right
2018020422,20182019,R,2018-12-05T00:30:00Z,14,17,6,5,away win OT,right
2018020423,20182019,R,2018-12-05T03:00:00Z,30,23,3,2,away win REG,right
2018020424,20182019,R,2018-12-05T03:00:00Z,15,54,3,5,home win REG,
2018020425,20182019,R,2018-12-05T03:30:00Z,53,26,2,1,away win REG,right
2018020426,20182019,R,2018-12-06T01:00:00Z,22,19,3,2,away win OT,left
2018020427,20182019,R,2018-12-06T03:30:00Z,16,24,2,4,home win REG,left
2018020428,20182019,R,2018-12-06T03:30:00Z,12,28,1,5,home win REG,left
2018020429,20182019,R,2018-12-07T00:00:00Z,17,10,5,4,away win OT,right
2018020430,20182019,R,2018-12-07T00:00:00Z,21,13,5,2,away win REG,right
2018020431,20182019,R,2018-12-07T00:00:00Z,29,4,4,3,away win OT,right
2018020432,20182019,R,2018-12-07T00:00:00Z,2,5,2,6,home win REG,left
2018020433,20182019,R,2018-12-07T00:30:00Z,8,9,5,2,away win REG,left
2018020434,20182019,R,2018-12-07T00:30:00Z,6,14,2,3,home win REG,left
2018020435,20182019,R,2018-12-07T02:00:00Z,30,20,0,2,home win REG,right
2018020436,20182019,R,2018-12-07T02:00:00Z,15,53,4,2,away win REG,left
2018020437,20182019,R,2018-12-07T03:00:00Z,18,23,3,5,home win REG,right
2018020438,20182019,R,2018-12-07T03:00:00Z,16,54,3,4,home win REG,
2018020439,20182019,R,2018-12-07T03:30:00Z,1,26,6,3,away win REG,right
2018020440,20182019,R,2018-12-08T01:00:00Z,28,25,2,3,home win REG,right
2018020441,20182019,R,2018-12-08T01:00:00Z,19,52,1,0,away win REG,right
2018020442,20182019,R,2018-12-08T02:00:00Z,30,22,2,7,home win REG,left
2018020443,20182019,R,2018-12-08T03:00:00Z,12,24,4,1,away win REG,left
2018020444,20182019,R,2018-12-08T18:00:00Z,4,7,6,2,away win REG,left
2018020445,20182019,R,2018-12-08T21:00:00Z,54,26,1,5,home win REG,right
2018020446,20182019,R,2018-12-09T00:00:00Z,10,6,3,6,home win REG,left
2018020447,20182019,R,2018-12-09T00:00:00Z,5,9,1,2,home win OT,left
2018020448,20182019,R,2018-12-09T00:00:00Z,2,17,3,2,away win REG,right
2018020449,20182019,R,2018-12-09T00:00:00Z,21,14,1,7,home win REG,left
2018020450,20182019,R,2018-12-09T00:00:00Z,3,13,5,4,away win OT,right
2018020451,20182019,R,2018-12-09T00:00:00Z,15,29,4,0,away win REG,left
2018020452,20182019,R,2018-12-09T01:00:00Z,28,53,5,3,away win REG,left
2018020453,20182019,R,2018-12-09T03:00:00Z,18,20,2,5,home win REG,right
2018020454,20182019,R,2018-12-09T20:00:00Z,23,19,6,1,away win REG,left
2018020455,20182019,R,2018-12-09T20:00:00Z,4,52,1,7,home win REG,right
2018020456,20182019,R,2018-12-09T22:00:00Z,6,9,2,1,away win OT,left
2018020457,20182019,R,2018-12-09T23:00:00Z,8,16,3,2,away win REG,right
2018020458,20182019,R,2018-12-10T01:00:00Z,1,24,5,6,home win OT,left
2018020460,20182019,R,2018-12-10T02:00:00Z,25,54,2,4,home win REG,
2018020459,20182019,R,2018-12-10T02:00:00Z,20,22,0,1,home win REG,left
2018020461,20182019,R,2018-12-11T00:00:00Z,5,2,2,1,away win OT,left
2018020462,20182019,R,2018-12-11T00:30:00Z,26,17,1,3,home win REG,right
2018020463,20182019,R,2018-12-11T00:30:00Z,3,14,3,6,home win REG,left
2018020464,20182019,R,2018-12-11T03:30:00Z,1,28,2,5,home win REG,left
2018020465,20182019,R,2018-12-12T00:00:00Z,53,6,3,4,home win REG,left
2018020466,20182019,R,2018-12-12T00:00:00Z,26,7,3,4,home win OT,left
2018020468,20182019,R,2018-12-12T00:00:00Z,10,12,4,1,away win REG,right
2018020469,20182019,R,2018-12-12T00:00:00Z,23,29,3,2,away win REG,left
2018020467,20182019,R,2018-12-12T00:30:00Z,17,15,2,6,home win REG,right
2018020470,20182019,R,2018-12-12T01:00:00Z,13,19,3,4,home win REG,left
2018020471,20182019,R,2018-12-12T01:00:00Z,9,18,1,3,home win REG,left
2018020472,20182019,R,2018-12-12T01:00:00Z,8,30,1,7,home win REG,right
2018020473,20182019,R,2018-12-12T01:00:00Z,16,52,3,6,home win REG,right
2018020474,20182019,R,2018-12-12T02:00:00Z,22,21,6,4,away win REG,right
2018020475,20182019,R,2018-12-13T00:00:00Z,54,2,3,2,away win REG,left
2018020476,20182019,R,2018-12-13T01:00:00Z,5,16,3,6,home win REG,right
2018020477,20182019,R,2018-12-13T01:30:00Z,4,20,5,6,home win OT,right
2018020478,20182019,R,2018-12-13T03:00:00Z,25,24,3,6,home win REG,left
2018020479,20182019,R,2018-12-14T00:00:00Z,53,7,1,3,home win REG,left
2018020480,20182019,R,2018-12-14T00:00:00Z,26,29,1,4,home win REG,left
2018020481,20182019,R,2018-12-14T00:30:00Z,12,8,4,6,home win REG,right
2018020482,20182019,R,2018-12-14T00:30:00Z,10,14,1,4,home win REG,left
2018020483,20182019,R,2018-12-14T01:00:00Z,23,18,3,4,home win OT,left
2018020484,20182019,R,2018-12-14T01:00:00Z,13,30,1,5,home win REG,right
2018020485,20182019,R,2018-12-14T01:00:00Z,22,52,4,5,home win OT,right
2018020486,20182019,R,2018-12-14T03:30:00Z,25,28,2,3,home win REG,left
2018020487,20182019,R,2018-12-15T00:00:00Z,54,1,4,5,home win OT,left
2018020488,20182019,R,2018-12-15T00:00:00Z,53,3,4,3,away win OT,right
2018020489,20182019,R,2018-12-15T00:00:00Z,6,5,3,5,home win REG,left
2018020490,20182019,R,2018-12-15T00:30:00Z,9,17,4,2,away win REG,right
2018020491,20182019,R,2018-12-15T00:30:00Z,15,12,6,5,away win OT,right
2018020492,20182019,R,2018-12-15T01:00:00Z,21,19,3,4,home win OT,left
2018020493,20182019,R,2018-12-15T01:30:00Z,52,16,4,3,away win OT,right
2018020494,20182019,R,2018-12-15T02:00:00Z,4,22,1,4,home win REG,left
2018020495,20182019,R,2018-12-15T18:30:00Z,20,30,2,1,away win REG,right
2018020496,20182019,R,2018-12-16T00:00:00Z,9,8,2,5,home win REG,right
2018020497,20182019,R,2018-12-16T00:00:00Z,10,13,3,4,home win OT,right
2018020498,20182019,R,2018-12-16T00:00:00Z,17,2,3,4,home win OT,left
2018020499,20182019,R,2018-12-16T00:00:00Z,26,5,3,4,home win OT,left
2018020500,20182019,R,2018-12-16T00:00:00Z,7,15,3,4,home win OT,right
2018020501,20182019,R,2018-12-16T00:00:00Z,24,29,2,1,away win OT,left
2018020502,20182019,R,2018-12-16T01:00:00Z,1,18,1,2,home win OT,left
2018020503,20182019,R,2018-12-16T02:00:00Z,25,21,4,6,home win REG,right
2018020504,20182019,R,2018-12-16T03:00:00Z,4,23,1,5,home win REG,right
2018020505,20182019,R,2018-12-16T17:30:00Z,54,3,4,3,away win OT,right
2018020506,20182019,R,2018-12-16T18:00:00Z,53,12,0,3,home win REG,right
2018020507,20182019,R,2018-12-16T20:00:00Z,20,19,7,2,away win REG,left
2018020508,20182019,R,2018-12-16T22:00:00Z,7,6,4,2,away win REG,left
2018020509,20182019,R,2018-12-17T00:00:00Z,28,16,7,3,away win REG,right
2018020510,20182019,R,2018-12-17T00:00:00Z,14,52,4,5,home win OT,right
2018020511,20182019,R,2018-12-17T03:00:00Z,22,23,2,4,home win REG,right
2018020512,20182019,R,2018-12-18T00:00:00Z,24,5,4,2,away win REG,left
2018020513,20182019,R,2018-12-18T00:00:00Z,54,29,0,1,home win REG,left
2018020514,20182019,R,2018-12-18T00:30:00Z,6,8,4,0,away win REG,right
2018020515,20182019,R,2018-12-18T00:30:00Z,18,9,3,4,home win OT,left
2018020516,20182019,R,2018-12-18T02:00:00Z,2,21,4,1,away win REG,right
2018020517,20182019,R,2018-12-19T00:00:00Z,13,7,5,2,away win REG,left
2018020518,20182019,R,2018-12-19T00:00:00Z,10,1,7,2,away win REG,left
2018020519,20182019,R,2018-12-19T00:00:00Z,24,3,1,3,home win REG,right
2018020520,20182019,R,2018-12-19T00:00:00Z,17,4,2,3,home win REG,right
2018020521,20182019,R,2018-12-19T01:00:00Z,28,30,4,0,away win REG,right
2018020522,20182019,R,2018-12-19T01:30:00Z,18,16,1,2,home win REG,right
2018020523,20182019,R,2018-12-19T01:30:00Z,20,25,0,2,home win REG,right
2018020524,20182019,R,2018-12-19T02:00:00Z,19,22,4,1,away win REG,left
2018020525,20182019,R,2018-12-19T02:00:00Z,2,53,3,1,away win REG,left
2018020526,20182019,R,2018-12-19T03:00:00Z,14,23,5,2,away win REG,right
2018020527,20182019,R,2018-12-19T03:30:00Z,52,26,1,4,home win REG,right
2018020528,20182019,R,2018-12-20T01:00:00Z,5,15,2,1,away win REG,right
2018020529,20182019,R,2018-12-20T01:30:00Z,8,21,1,2,home win REG,right
2018020530,20182019,R,2018-12-21T00:00:00Z,24,6,1,3,home win REG,left
2018020531,20182019,R,2018-12-21T00:00:00Z,13,10,1,6,home win REG,right
2018020532,20182019,R,2018-12-21T00:00:00Z,18,4,1,2,home win REG,right
2018020533,20182019,R,2018-12-21T00:00:00Z,30,5,1,2,home win REG,left
2018020534,20182019,R,2018-12-21T00:00:00Z,17,12,4,1,away win REG,right
2018020535,20182019,R,2018-12-21T00:00:00Z,1,29,1,2,home win REG,left
2018020536,20182019,R,2018-12-21T01:30:00Z,16,25,5,2,away win REG,right
2018020537,20182019,R,2018-12-21T02:00:00Z,14,20,5,4,away win OT,right
2018020538,20182019,R,2018-12-21T02:00:00Z,8,53,2,1,away win REG,left
2018020539,20182019,R,2018-12-21T03:00:00Z,19,23,1,5,home win REG,right
2018020540,20182019,R,2018-12-21T03:00:00Z,2,54,2,4,home win REG,
2018020541,20182019,R,2018-12-21T03:30:00Z,52,28,5,3,away win REG,left
2018020542,20182019,R,2018-12-22T00:00:00Z,9,1,2,5,home win REG,left
2018020543,20182019,R,2018-12-22T00:00:00Z,7,15,1,2,home win REG,right
2018020544,20182019,R,2018-12-22T02:00:00Z,16,21,2,1,away win REG,right
2018020545,20182019,R,2018-12-22T18:00:00Z,18,6,2,5,home win REG,left
2018020546,20182019,R,2018-12-22T18:00:00Z,29,4,4,3,away win REG,right
2018020547,20182019,R,2018-12-22T19:00:00Z,13,17,2,1,away win REG,right
2018020549,20182019,R,2018-12-22T21:00:00Z,8,54,4,3,away win OT,
2018020550,20182019,R,2018-12-22T21:00:00Z,26,28,3,2,away win OT,left
2018020548,20182019,R,2018-12-22T21:00:00Z,19,20,3,1,away win REG,right
2018020555,20182019,R,2018-12-23T00:00:00Z,21,53,4,6,home win REG,left
2018020551,20182019,R,2018-12-23T00:00:00Z,24,7,0,3,home win REG,left
2018020552,20182019,R,2018-12-23T00:00:00Z,3,10,3,5,home win REG,right
2018020553,20182019,R,2018-12-23T00:00:00Z,15,9,4,0,away win REG,left
2018020554,20182019,R,2018-12-23T00:00:00Z,5,12,3,0,away win REG,right
2018020556,20182019,R,2018-12-23T01:00:00Z,25,30,2,1,away win OT,right
2018020558,20182019,R,2018-12-23T03:00:00Z,52,23,1,0,away win REG,right
2018020557,20182019,R,2018-12-23T03:00:00Z,14,22,6,3,away win REG,left
2018020559,20182019,R,2018-12-23T17:30:00Z,29,1,3,0,away win REG,left
2018020560,20182019,R,2018-12-23T22:00:00Z,6,12,3,5,home win REG,right
2018020562,20182019,R,2018-12-24T00:00:00Z,13,16,6,3,away win REG,right
2018020561,20182019,R,2018-12-24T00:00:00Z,4,3,3,2,away win OT,right
2018020563,20182019,R,2018-12-24T00:30:00Z,17,10,4,5,home win OT,right
2018020565,20182019,R,2018-12-24T01:00:00Z,26,54,4,3,away win OT,
2018020566,20182019,R,2018-12-24T01:00:00Z,53,28,4,3,away win OT,left
2018020564,20182019,R,2018-12-24T01:00:00Z,2,25,3,1,away win REG,right
2018020567,20182019,R,2018-12-28T00:00:00Z,1,6,5,2,away win REG,left
2018020568,20182019,R,2018-12-28T00:00:00Z,29,3,4,3,away win OT,right
2018020569,20182019,R,2018-12-28T00:00:00Z,17,5,2,5,home win REG,left
2018020570,20182019,R,2018-12-28T00:00:00Z,12,15,1,3,home win REG,right
2018020571,20182019,R,2018-12-28T00:30:00Z,4,14,5,6,home win OT,left
2018020572,20182019,R,2018-12-28T01:00:00Z,7,19,1,4,home win REG,left
2018020573,20182019,R,2018-12-28T01:00:00Z,25,18,2,0,away win REG,left
2018020574,20182019,R,2018-12-28T01:00:00Z,20,52,4,1,away win REG,right
2018020575,20182019,R,2018-12-28T01:30:00Z,30,16,2,5,home win REG,right
2018020576,20182019,R,2018-12-28T02:00:00Z,23,22,4,2,away win REG,left
2018020577,20182019,R,2018-12-28T03:00:00Z,21,54,1,2,home win REG,
2018020578,20182019,R,2018-12-28T03:30:00Z,53,26,1,2,home win REG,right
2018020579,20182019,R,2018-12-28T03:30:00Z,24,28,2,4,home win REG,left
2018020580,20182019,R,2018-12-29T00:00:00Z,8,13,5,3,away win REG,right
2018020581,20182019,R,2018-12-29T00:00:00Z,9,2,3,6,home win REG,left
2018020582,20182019,R,2018-12-29T00:00:00Z,10,29,4,2,away win REG,left
2018020583,20182019,R,2018-12-29T18:00:00Z,12,1,0,2,home win REG,left
2018020586,20182019,R,2018-12-29T21:00:00Z,54,26,4,1,away win REG,right
2018020585,20182019,R,2018-12-29T21:00:00Z,28,22,7,4,away win REG,left
2018020584,20182019,R,2018-12-29T21:00:00Z,30,52,3,1,away win REG,right
2018020587,20182019,R,2018-12-30T00:00:00Z,6,7,3,2,away win OT,left
2018020588,20182019,R,2018-12-30T00:00:00Z,2,10,4,0,away win REG,right
2018020589,20182019,R,2018-12-30T00:00:00Z,15,9,3,2,away win REG,left
2018020590,20182019,R,2018-12-30T00:00:00Z,8,14,5,6,home win REG,left
2018020591,20182019,R,2018-12-30T00:00:00Z,4,13,1,2,home win REG,right
2018020592,20182019,R,2018-12-30T01:00:00Z,5,19,6,1,away win REG,left
2018020593,20182019,R,2018-12-30T01:00:00Z,3,18,4,3,away win REG,left
2018020594,20182019,R,2018-12-30T01:00:00Z,17,25,1,5,home win REG,right
2018020595,20182019,R,2018-12-30T02:00:00Z,16,21,3,2,away win OT,right
2018020597,20182019,R,2018-12-30T03:00:00Z,53,24,5,4,away win OT,left
2018020596,20182019,R,2018-12-30T03:00:00Z,23,20,3,2,away win OT,right
2018020598,20182019,R,2018-12-31T01:00:00Z,54,53,5,1,away win REG,left
2018020599,20182019,R,2018-12-31T17:30:00Z,18,15,6,3,away win REG,right
2018020600,20182019,R,2018-12-31T18:00:00Z,23,1,0,4,home win REG,left
2018020603,20182019,R,2018-12-31T23:00:00Z,5,30,3,2,away win REG,right
2018020601,20182019,R,2018-12-31T23:00:00Z,2,7,3,1,away win REG,left
2018020602,20182019,R,2018-12-31T23:00:00Z,4,12,1,3,home win REG,right
2018020605,20182019,R,2019-01-01T00:00:00Z,3,19,2,1,away win REG,left
2018020604,20182019,R,2019-01-01T00:00:00Z,9,29,3,6,home win REG,left
2018020606,20182019,R,2019-01-01T00:30:00Z,13,17,4,3,away win OT,right
2018020611,20182019,R,2019-01-01T01:00:00Z,14,24,2,1,away win OT,left
2018020607,20182019,R,2019-01-01T01:00:00Z,26,21,3,2,away win OT,right
2018020608,20182019,R,2019-01-01T01:30:00Z,8,25,3,2,away win OT,right
2018020609,20182019,R,2019-01-01T02:00:00Z,28,20,5,8,home win REG,right
2018020610,20182019,R,2019-01-01T02:00:00Z,52,22,4,3,away win REG,left
2018020612,20182019,R,2019-01-01T18:00:00Z,6,16,4,2,away win REG,right
2018020613,20182019,R,2019-01-02T01:30:00Z,4,18,0,4,home win REG,left
2018020614,20182019,R,2019-01-02T02:00:00Z,26,54,0,2,home win REG,
2018020615,20182019,R,2019-01-03T00:00:00Z,23,9,4,3,away win OT,left
2018020616,20182019,R,2019-01-03T00:00:00Z,20,17,5,3,away win REG,right
2018020617,20182019,R,2019-01-03T00:00:00Z,5,3,7,2,away win REG,right
2018020618,20182019,R,2019-01-03T01:30:00Z,1,25,4,5,home win REG,right
2018020619,20182019,R,2019-01-03T02:30:00Z,28,21,5,4,away win REG,right
2018020620,20182019,R,2019-01-03T02:30:00Z,22,53,3,1,away win REG,left
2018020621,20182019,R,2019-01-03T19:00:00Z,30,10,4,3,away win REG,right
2018020622,20182019,R,2019-01-04T00:00:00Z,20,6,4,6,home win REG,left
2018020623,20182019,R,2019-01-04T00:00:00Z,13,7,3,4,home win REG,left
2018020625,20182019,R,2019-01-04T00:00:00Z,12,4,5,3,away win REG,right
2018020624,20182019,R,2019-01-04T00:30:00Z,16,2,2,3,home win OT,left
2018020626,20182019,R,2019-01-04T00:30:00Z,23,8,0,2,home win REG,right
2018020627,20182019,R,2019-01-04T01:00:00Z,15,19,2,5,home win REG,left
2018020628,20182019,R,2019-01-04T03:30:00Z,14,26,6,2,away win REG,right
2018020629,20182019,R,2019-01-05T00:00:00Z,52,5,0,4,home win REG,left
2018020630,20182019,R,2019-01-05T00:30:00Z,18,17,3,4,home win OT,right
2018020631,20182019,R,2019-01-05T00:30:00Z,29,12,2,4,home win REG,right
2018020632,20182019,R,2019-01-05T01:00:00Z,15,25,1,2,home win OT,right
2018020633,20182019,R,2019-01-05T02:00:00Z,3,21,1,6,home win REG,right
2018020634,20182019,R,2019-01-05T02:00:00Z,1,53,3,2,away win OT,left
2018020635,20182019,R,2019-01-05T03:00:00Z,54,24,3,2,away win REG,left
2018020636,20182019,R,2019-01-05T18:00:00Z,20,4,3,2,away win OT,right
2018020637,20182019,R,2019-01-05T18:00:00Z,30,9,4,3,away win REG,left
2018020638,20182019,R,2019-01-06T00:00:00Z,7,6,1,2,home win REG,left
2018020639,20182019,R,2019-01-06T00:00:00Z,23,10,0,5,home win REG,right
2018020640,20182019,R,2019-01-06T00:00:00Z,18,8,4,1,away win REG,right
2018020641,20182019,R,2019-01-06T00:00:00Z,29,13,4,3,away win OT,right
2018020642,20182019,R,2019-01-06T01:00:00Z,2,19,4,3,away win REG,left
2018020643,20182019,R,2019-01-06T03:00:00Z,22,26,0,4,home win REG,right
2018020644,20182019,R,2019-01-06T04:00:00Z,14,28,2,5,home win REG,left
2018020647,20182019,R,2019-01-06T18:00:00Z,12,9,5,4,away win REG,left
2018020646,20182019,R,2019-01-06T21:00:00Z,1,54,2,3,home win REG,
2018020645,20182019,R,2019-01-06T21:00:00Z,3,53,0,5,home win REG,left
2018020649,20182019,R,2019-01-06T22:00:00Z,25,52,1,5,home win REG,right
2018020648,20182019,R,2019-01-06T22:00:00Z,15,17,3,2,away win REG,right
2018020651,20182019,R,2019-01-07T01:00:00Z,22,24,4,0,away win REG,left
2018020650,20182019,R,2019-01-07T01:00:00Z,16,5,5,3,away win REG,left
2018020652,20182019,R,2019-01-08T00:00:00Z,18,10,4,0,away win REG,right
2018020653,20182019,R,2019-01-08T00:00:00Z,19,4,3,0,away win REG,right
2018020654,20182019,R,2019-01-08T00:30:00Z,30,8,1,0,away win REG,right
2018020655,20182019,R,2019-01-08T01:30:00Z,20,16,4,3,away win REG,right
2018020656,20182019,R,2019-01-08T03:30:00Z,26,28,1,3,home win REG,left
2018020657,20182019,R,2019-01-09T00:00:00Z,30,6,0,4,home win REG,left
2018020658,20182019,R,2019-01-09T00:00:00Z,1,7,1,5,home win REG,left
2018020659,20182019,R,2019-01-09T00:00:00Z,12,2,4,3,away win REG,left
2018020660,20182019,R,2019-01-09T00:00:00Z,13,5,1,5,home win REG,left
2018020661,20182019,R,2019-01-09T00:30:00Z,4,15,3,5,home win REG,right
2018020662,20182019,R,2019-01-09T00:30:00Z,8,17,3,2,away win REG,right
2018020663,20182019,R,2019-01-09T00:30:00Z,29,14,0,4,home win REG,left
2018020664,20182019,R,2019-01-09T01:00:00Z,25,19,3,1,away win REG,left
2018020665,20182019,R,2019-01-09T01:00:00Z,21,52,4,7,home win REG,right
2018020666,20182019,R,2019-01-09T03:00:00Z,3,54,2,4,home win REG,
2018020667,20182019,R,2019-01-09T03:30:00Z,22,28,2,7,home win REG,left
2018020668,20182019,R,2019-01-10T01:00:00Z,18,16,4,3,away win OT,right
2018020669,20182019,R,2019-01-10T02:30:00Z,21,20,3,5,home win REG,right
2018020670,20182019,R,2019-01-10T03:00:00Z,9,24,2,1,away win OT,left
2018020671,20182019,R,2019-01-11T00:00:00Z,15,6,4,2,away win REG,left
2018020672,20182019,R,2019-01-11T00:00:00Z,10,1,4,2,away win REG,left
2018020673,20182019,R,2019-01-11T00:00:00Z,2,3,4,3,away win REG,right
2018020674,20182019,R,2019-01-11T00:00:00Z,25,4,1,2,home win REG,right
2018020675,20182019,R,2019-01-11T00:00:00Z,18,29,3,4,home win OT,left
2018020676,20182019,R,2019-01-11T00:30:00Z,12,14,1,3,home win REG,left
2018020677,20182019,R,2019-01-11T01:00:00Z,8,19,1,4,home win REG,left
2018020678,20182019,R,2019-01-11T01:00:00Z,52,30,2,3,home win REG,right
2018020679,20182019,R,2019-01-11T02:00:00Z,13,22,3,4,home win OT,left
2018020680,20182019,R,2019-01-11T03:00:00Z,53,23,4,3,away win OT,right
2018020681,20182019,R,2019-01-11T03:00:00Z,28,54,3,2,away win REG,
2018020682,20182019,R,2019-01-11T03:30:00Z,9,26,4,1,away win REG,right
2018020683,20182019,R,2019-01-12T00:30:00Z,7,12,3,4,home win REG,right
2018020684,20182019,R,2019-01-12T01:00:00Z,17,52,2,4,home win REG,right
2018020685,20182019,R,2019-01-12T02:00:00Z,13,20,3,4,home win REG,right
2018020686,20182019,R,2019-01-12T03:00:00Z,5,24,7,4,away win REG,left
2018020687,20182019,R,2019-01-12T18:00:00Z,4,1,2,3,home win REG,left
2018020688,20182019,R,2019-01-12T18:00:00Z,3,2,2,1,away win REG,left
2018020689,20182019,R,2019-01-13T00:00:00Z,14,7,5,3,away win REG,left
2018020690,20182019,R,2019-01-13T00:00:00Z,6,10,3,2,away win REG,right
2018020691,20182019,R,2019-01-13T00:00:00Z,21,8,0,3,home win REG,right
2018020692,20182019,R,2019-01-13T00:00:00Z,29,15,2,1,away win OT,right
2018020693,20182019,R,2019-01-13T01:00:00Z,17,30,5,2,away win REG,right
2018020694,20182019,R,2019-01-13T01:30:00Z,54,16,4,3,away win OT,right
2018020695,20182019,R,2019-01-13T02:00:00Z,19,25,3,1,away win REG,right
2018020697,20182019,R,2019-01-13T03:00:00Z,9,28,1,4,home win REG,left
2018020696,20182019,R,2019-01-13T03:00:00Z,53,22,3,2,away win REG,left
2018020698,20182019,R,2019-01-13T03:30:00Z,5,26,2,5,home win REG,right
2018020699,20182019,R,2019-01-13T17:30:00Z,18,12,3,6,home win REG,right
2018020701,20182019,R,2019-01-13T23:00:00Z,24,52,3,4,home win OT,right
2018020700,20182019,R,2019-01-13T23:00:00Z,3,29,5,7,home win REG,left
2018020703,20182019,R,2019-01-14T00:00:00Z,13,23,1,5,home win REG,right
2018020702,20182019,R,2019-01-14T00:00:00Z,14,2,1,5,home win REG,left
2018020704,20182019,R,2019-01-14T02:30:00Z,53,20,1,7,home win REG,right
2018020706,20182019,R,2019-01-15T00:00:00Z,21,10,6,3,away win REG,right
2018020707,20182019,R,2019-01-15T00:00:00Z,16,1,5,8,home win REG,left
2018020708,20182019,R,2019-01-15T00:00:00Z,30,4,4,7,home win REG,right
2018020709,20182019,R,2019-01-15T00:00:00Z,19,15,4,1,away win REG,right
2018020705,20182019,R,2019-01-15T00:30:00Z,8,6,3,2,away win OT,left
2018020710,20182019,R,2019-01-15T02:00:00Z,7,22,2,7,home win REG,left
2018020711,20182019,R,2019-01-16T00:00:00Z,19,2,1,2,home win OT,left
2018020712,20182019,R,2019-01-16T00:00:00Z,12,3,2,6,home win REG,right
2018020713,20182019,R,2019-01-16T00:00:00Z,1,29,1,4,home win REG,left
2018020714,20182019,R,2019-01-16T00:30:00Z,13,8,1,5,home win REG,right
2018020715,20182019,R,2019-01-16T00:30:00Z,24,17,1,3,home win REG,right
2018020716,20182019,R,2019-01-16T01:00:00Z,15,18,2,7,home win REG,left
2018020717,20182019,R,2019-01-16T01:00:00Z,26,30,2,3,home win OT,right
2018020718,20182019,R,2019-01-16T01:00:00Z,54,52,1,4,home win REG,right
2018020719,20182019,R,2019-01-16T01:30:00Z,14,25,2,0,away win REG,right
2018020720,20182019,R,2019-01-16T03:00:00Z,5,28,2,5,home win REG,left
2018020721,20182019,R,2019-01-17T00:00:00Z,21,9,2,5,home win REG,left
2018020722,20182019,R,2019-01-17T00:30:00Z,6,4,3,4,home win REG,right
2018020723,20182019,R,2019-01-17T02:30:00Z,7,20,4,3,away win OT,right
2018020724,20182019,R,2019-01-17T03:00:00Z,22,23,3,2,away win OT,right
2018020725,20182019,R,2019-01-17T03:00:00Z,28,53,3,6,home win REG,left
2018020726,20182019,R,2019-01-18T00:00:00Z,19,6,2,5,home win REG,left
2018020727,20182019,R,2019-01-18T00:00:00Z,1,2,1,4,home win REG,left
2018020728,20182019,R,2019-01-18T00:00:00Z,16,3,3,4,home win REG,right
2018020729,20182019,R,2019-01-18T00:30:00Z,10,14,4,2,away win REG,left
2018020730,20182019,R,2019-01-18T01:00:00Z,52,18,5,1,away win REG,left
2018020731,20182019,R,2019-01-18T01:00:00Z,24,30,3,0,away win REG,right
2018020732,20182019,R,2019-01-18T01:30:00Z,26,25,2,1,away win REG,right
2018020733,20182019,R,2019-01-19T00:00:00Z,10,13,1,3,home win REG,right
2018020734,20182019,R,2019-01-19T00:00:00Z,8,29,4,1,away win REG,left
2018020735,20182019,R,2019-01-19T00:30:00Z,2,15,2,0,away win REG,right
2018020736,20182019,R,2019-01-19T00:30:00Z,9,12,4,1,away win REG,right
2018020737,20182019,R,2019-01-19T02:00:00Z,17,20,4,6,home win REG,right
2018020738,20182019,R,2019-01-19T02:00:00Z,5,53,3,2,away win OT,left
2018020739,20182019,R,2019-01-19T03:00:00Z,7,23,3,4,home win REG,right
2018020740,20182019,R,2019-01-19T18:00:00Z,24,1,3,2,away win REG,left
2018020741,20182019,R,2019-01-19T20:00:00Z,26,21,1,7,home win REG,right
2018020745,20182019,R,2019-01-20T00:00:00Z,9,19,2,3,home win REG,left
2018020746,20182019,R,2019-01-20T00:00:00Z,52,25,2,4,home win REG,right
2018020742,20182019,R,2019-01-20T00:00:00Z,3,6,3,2,away win REG,left
2018020743,20182019,R,2019-01-20T00:00:00Z,4,8,5,2,away win REG,right
2018020744,20182019,R,2019-01-20T00:00:00Z,28,14,3,6,home win REG,left
2018020747,20182019,R,2019-01-20T01:00:00Z,13,18,4,2,away win REG,left
2018020748,20182019,R,2019-01-20T02:00:00Z,29,30,1,2,home win REG,right
2018020750,20182019,R,2019-01-20T03:00:00Z,5,54,3,7,home win REG,
2018020749,20182019,R,2019-01-20T03:00:00Z,20,22,5,2,away win REG,left
2018020751,20182019,R,2019-01-20T17:30:00Z,15,16,5,8,home win REG,right
2018020752,20182019,R,2019-01-20T20:00:00Z,24,2,0,3,home win REG,left
2018020753,20182019,R,2019-01-20T21:00:00Z,17,23,2,3,home win REG,right
2018020754,20182019,R,2019-01-21T00:00:00Z,53,10,4,2,away win REG,right
2018020755,20182019,R,2019-01-21T02:30:00Z,12,22,7,4,away win REG,left
2018020756,20182019,R,2019-01-21T20:00:00Z,18,21,4,1,away win REG,right
2018020759,20182019,R,2019-01-21T21:00:00Z,19,26,3,4,home win REG,right
2018020757,20182019,R,2019-01-21T23:00:00Z,30,54,4,2,away win REG,
2018020758,20182019,R,2019-01-22T00:00:00Z,28,13,2,6,home win REG,right
2018020760,20182019,R,2019-01-23T00:00:00Z,28,15,7,6,away win OT,right
2018020761,20182019,R,2019-01-23T00:30:00Z,53,9,3,2,away win REG,left
2018020762,20182019,R,2019-01-23T01:30:00Z,2,16,2,3,home win OT,right
2018020763,20182019,R,2019-01-23T02:00:00Z,12,20,2,3,home win OT,right
2018020764,20182019,R,2019-01-23T02:00:00Z,17,22,3,2,away win REG,left
2018020765,20182019,R,2019-01-24T00:30:00Z,15,10,3,6,home win REG,right
2018020766,20182019,R,2019-01-24T00:30:00Z,53,8,1,2,home win REG,right
2018020767,20182019,R,2019-01-24T02:30:00Z,30,21,5,2,away win REG,right
2018020768,20182019,R,2019-01-24T03:00:00Z,18,54,2,1,away win REG,
2018020769,20182019,R,2019-01-24T03:00:00Z,19,24,5,1,away win REG,left
2018020770,20182019,R,2019-01-24T03:30:00Z,12,23,5,2,away win REG,right
2018020771,20182019,R,2019-01-29T00:00:00Z,52,4,1,3,home win REG,right
2018020772,20182019,R,2019-01-29T00:00:00Z,1,5,6,3,away win REG,left
2018020773,20182019,R,2019-01-30T00:00:00Z,52,6,4,3,away win OT,left
2018020775,20182019,R,2019-01-30T00:00:00Z,7,29,5,4,away win REG,left
2018020774,20182019,R,2019-01-30T00:30:00Z,4,3,1,0,away win REG,right
2018020776,20182019,R,2019-01-31T01:00:00Z,14,5,2,4,home win REG,left
2018020777,20182019,R,2019-01-31T01:30:00Z,7,25,0,1,home win REG,right
2018020778,20182019,R,2019-02-01T00:00:00Z,4,6,3,2,away win OT,left
2018020779,20182019,R,2019-02-01T00:00:00Z,3,1,4,3,away win REG,left
2018020780,20182019,R,2019-02-01T01:00:00Z,29,52,3,4,home win REG,right
2018020781,20182019,R,2019-02-02T00:00:00Z,16,7,7,3,away win REG,left
2018020782,20182019,R,2019-02-02T00:00:00Z,18,13,4,1,away win REG,right
2018020783,20182019,R,2019-02-02T00:00:00Z,14,2,1,0,away win OT,left
2018020784,20182019,R,2019-02-02T00:00:00Z,9,5,3,5,home win REG,left
2018020785,20182019,R,2019-02-02T00:00:00Z,20,15,3,4,home win REG,right
2018020786,20182019,R,2019-02-02T00:30:00Z,10,17,2,3,home win OT,right
2018020787,20182019,R,2019-02-02T00:30:00Z,54,12,2,5,home win REG,right
2018020788,20182019,R,2019-02-02T01:00:00Z,30,25,1,3,home win REG,right
2018020789,20182019,R,2019-02-02T18:00:00Z,22,4,4,5,home win OT,right
2018020790,20182019,R,2019-02-02T19:00:00Z,1,8,3,2,away win OT,right
2018020797,20182019,R,2019-02-03T00:00:00Z,24,52,3,9,home win REG,right
2018020791,20182019,R,2019-02-03T00:00:00Z,5,10,2,3,home win REG,right
2018020792,20182019,R,2019-02-03T00:00:00Z,17,9,2,0,away win REG,left
2018020793,20182019,R,2019-02-03T00:00:00Z,54,13,1,3,home win REG,right
2018020794,20182019,R,2019-02-03T00:00:00Z,26,2,2,4,home win REG,left
2018020796,20182019,R,2019-02-03T00:00:00Z,19,29,4,2,away win REG,left
2018020798,20182019,R,2019-02-03T01:00:00Z,25,18,3,1,away win REG,left
2018020799,20182019,R,2019-02-03T01:00:00Z,16,30,4,3,away win OT,right
2018020795,20182019,R,2019-02-03T01:00:00Z,14,3,3,2,away win REG,right
2018020800,20182019,R,2019-02-03T03:00:00Z,23,21,5,1,away win REG,right
2018020801,20182019,R,2019-02-03T03:30:00Z,53,28,2,3,home win OT,left
2018020802,20182019,R,2019-02-03T17:30:00Z,6,15,1,0,away win REG,right
2018020803,20182019,R,2019-02-03T19:00:00Z,22,8,3,4,home win OT,right
2018020804,20182019,R,2019-02-03T19:00:00Z,20,12,4,3,away win REG,right
2018020805,20182019,R,2019-02-05T00:00:00Z,24,10,1,6,home win REG,right
2018020806,20182019,R,2019-02-05T00:00:00Z,26,3,4,3,away win OT,right
2018020807,20182019,R,2019-02-05T00:00:00Z,23,4,1,2,home win REG,right
2018020808,20182019,R,2019-02-05T01:30:00Z,53,25,4,5,home win REG,right
2018020809,20182019,R,2019-02-06T00:00:00Z,2,6,1,3,home win REG,left
2018020810,20182019,R,2019-02-06T00:00:00Z,30,7,4,5,home win OT,left
2018020811,20182019,R,2019-02-06T00:00:00Z,19,13,3,2,away win REG,right
2018020812,20182019,R,2019-02-06T00:00:00Z,26,1,5,1,away win REG,left
2018020813,20182019,R,2019-02-06T00:00:00Z,12,5,4,0,away win REG,left
2018020814,20182019,R,2019-02-06T00:00:00Z,23,15,2,3,home win REG,right
2018020815,20182019,R,2019-02-06T00:30:00Z,24,8,1,4,home win REG,right
2018020816,20182019,R,2019-02-06T00:30:00Z,54,14,3,2,away win OT,left
2018020817,20182019,R,2019-02-06T01:00:00Z,53,18,2,5,home win REG,left
2018020818,20182019,R,2019-02-06T01:00:00Z,28,52,3,2,away win OT,right
2018020819,20182019,R,2019-02-06T02:00:00Z,29,21,6,3,away win REG,right
2018020820,20182019,R,2019-02-06T02:00:00Z,16,22,6,2,away win REG,left
2018020821,20182019,R,2019-02-07T00:30:00Z,9,10,4,5,home win REG,right
2018020822,20182019,R,2019-02-07T01:00:00Z,6,3,3,4,home win OT,right
2018020823,20182019,R,2019-02-08T00:00:00Z,12,7,6,5,away win OT,left
2018020824,20182019,R,2019-02-08T00:00:00Z,5,13,2,3,home win OT,right
2018020825,20182019,R,2019-02-08T00:00:00Z,2,1,2,1,away win OT,left
2018020826,20182019,R,2019-02-08T00:00:00Z,26,4,3,2,away win OT,right
2018020827,20182019,R,2019-02-08T00:00:00Z,21,15,3,4,home win OT,right
2018020828,20182019,R,2019-02-08T00:30:00Z,52,8,2,5,home win REG,right
2018020829,20182019,R,2019-02-08T00:30:00Z,24,9,0,4,home win REG,left
2018020830,20182019,R,2019-02-08T00:30:00Z,54,17,4,3,away win REG,right
2018020831,20182019,R,2019-02-08T00:30:00Z,19,14,1,0,away win OT,left
2018020832,20182019,R,2019-02-08T01:00:00Z,25,18,2,3,home win OT,left
2018020833,20182019,R,2019-02-08T01:00:00Z,22,30,4,1,away win REG,right
2018020834,20182019,R,2019-02-08T01:30:00Z,23,16,3,4,home win OT,right
2018020835,20182019,R,2019-02-08T02:00:00Z,28,20,5,2,away win REG,right
2018020836,20182019,R,2019-02-08T02:00:00Z,29,53,4,2,away win REG,left
2018020837,20182019,R,2019-02-09T01:00:00Z,12,3,3,0,away win REG,right
2018020838,20182019,R,2019-02-09T18:00:00Z,26,6,4,5,home win OT,left
2018020839,20182019,R,2019-02-09T18:00:00Z,17,7,1,3,home win REG,left
2018020840,20182019,R,2019-02-09T18:00:00Z,30,1,4,2,away win REG,left
2018020841,20182019,R,2019-02-09T18:00:00Z,21,2,3,4,home win OT,left
2018020842,20182019,R,2019-02-09T18:00:00Z,24,4,2,6,home win REG,right
2018020844,20182019,R,2019-02-09T19:00:00Z,18,19,2,3,home win REG,left
2018020843,20182019,R,2019-02-09T19:00:00Z,52,9,2,5,home win REG,left
2018020845,20182019,R,2019-02-09T21:00:00Z,25,53,2,3,home win REG,left
2018020849,20182019,R,2019-02-10T00:00:00Z,28,22,5,2,away win REG,left
2018020846,20182019,R,2019-02-10T00:00:00Z,10,8,4,3,away win OT,right
2018020847,20182019,R,2019-02-10T00:00:00Z,5,14,4,5,home win REG,left
2018020848,20182019,R,2019-02-10T00:00:00Z,13,15,5,4,away win OT,right
2018020850,20182019,R,2019-02-10T03:00:00Z,20,23,3,4,home win OT,right
2018020851,20182019,R,2019-02-10T03:00:00Z,29,54,4,3,away win REG,
2018020852,20182019,R,2019-02-10T17:30:00Z,19,18,5,4,away win OT,left
2018020857,20182019,R,2019-02-10T20:00:00Z,17,16,2,5,home win REG,right
2018020853,20182019,R,2019-02-10T20:00:00Z,21,6,1,2,home win OT,left
2018020854,20182019,R,2019-02-10T20:00:00Z,52,7,3,1,away win REG,left
2018020855,20182019,R,2019-02-10T20:00:00Z,12,1,2,3,home win REG,left
2018020856,20182019,R,2019-02-10T20:00:00Z,30,2,1,2,home win REG,left
2018020858,20182019,R,2019-02-10T23:00:00Z,14,13,5,2,away win REG,right
2018020859,20182019,R,2019-02-11T00:00:00Z,10,3,1,4,home win REG,right
2018020860,20182019,R,2019-02-12T00:00:00Z,5,4,4,1,away win REG,right
2018020861,20182019,R,2019-02-12T00:00:00Z,26,15,4,6,home win REG,right
2018020862,20182019,R,2019-02-12T03:00:00Z,28,23,7,2,away win REG,right
2018020863,20182019,R,2019-02-13T00:00:00Z,16,6,3,6,home win REG,left
2018020864,20182019,R,2019-02-13T00:00:00Z,2,7,1,3,home win REG,left
2018020865,20182019,R,2019-02-13T00:00:00Z,25,13,3,0,away win REG,right
2018020866,20182019,R,2019-02-13T00:00:00Z,15,29,0,3,home win REG,left
2018020867,20182019,R,2019-02-13T00:30:00Z,12,9,4,1,away win REG,left
2018020868,20182019,R,2019-02-13T00:30:00Z,20,14,3,6,home win REG,left
2018020869,20182019,R,2019-02-13T01:00:00Z,1,19,3,8,home win REG,left
2018020870,20182019,R,2019-02-13T01:00:00Z,17,18,3,2,away win REG,left
2018020871,20182019,R,2019-02-13T01:00:00Z,4,30,5,4,away win REG,right
2018020872,20182019,R,2019-02-13T01:00:00Z,3,52,3,4,home win REG,right
2018020873,20182019,R,2019-02-13T02:00:00Z,10,21,5,2,away win REG,right
2018020874,20182019,R,2019-02-13T03:00:00Z,53,54,5,2,away win REG,
2018020875,20182019,R,2019-02-14T01:00:00Z,22,5,1,3,home win REG,left
2018020876,20182019,R,2019-02-14T03:30:00Z,23,24,0,1,home win REG,left
2018020877,20182019,R,2019-02-15T00:00:00Z,20,13,2,3,home win OT,right
2018020878,20182019,R,2019-02-15T00:00:00Z,2,29,3,0,away win REG,left
2018020879,20182019,R,2019-02-15T00:30:00Z,9,17,2,3,home win REG,right
2018020880,20182019,R,2019-02-15T00:30:00Z,25,14,0,6,home win REG,left
2018020881,20182019,R,2019-02-15T01:00:00Z,8,18,1,3,home win REG,left
2018020882,20182019,R,2019-02-15T01:00:00Z,21,52,4,1,away win REG,right
2018020883,20182019,R,2019-02-15T01:30:00Z,1,16,2,5,home win REG,right
2018020884,20182019,R,2019-02-15T02:00:00Z,19,53,4,0,away win REG,left
2018020885,20182019,R,2019-02-15T03:00:00Z,10,54,6,3,away win REG,
2018020886,20182019,R,2019-02-15T03:30:00Z,23,26,4,3,away win OT,right
2018020887,20182019,R,2019-02-15T03:30:00Z,15,28,5,1,away win REG,left
2018020888,20182019,R,2019-02-16T00:00:00Z,3,7,6,2,away win REG,left
2018020889,20182019,R,2019-02-16T00:30:00Z,22,12,1,3,home win REG,right
2018020890,20182019,R,2019-02-16T01:30:00Z,1,30,5,4,away win OT,right
2018020891,20182019,R,2019-02-16T03:00:00Z,6,24,3,0,away win REG,left
2018020892,20182019,R,2019-02-16T18:00:00Z,17,4,5,6,home win OT,right
2018020893,20182019,R,2019-02-16T18:00:00Z,20,5,5,4,away win REG,left
2018020894,20182019,R,2019-02-16T20:00:00Z,19,21,3,0,away win REG,right
2018020898,20182019,R,2019-02-17T00:00:00Z,10,53,0,2,home win REG,left
2018020897,20182019,R,2019-02-17T00:00:00Z,9,52,4,3,away win OT,right
2018020895,20182019,R,2019-02-17T00:00:00Z,8,14,0,3,home win REG,left
2018020896,20182019,R,2019-02-17T00:00:00Z,22,2,2,5,home win REG,left
2018020899,20182019,R,2019-02-17T01:00:00Z,25,12,0,3,home win REG,right
2018020900,20182019,R,2019-02-17T01:30:00Z,29,16,5,2,away win REG,right
2018020901,20182019,R,2019-02-17T03:00:00Z,18,54,1,5,home win REG,
2018020902,20182019,R,2019-02-17T03:00:00Z,23,28,2,3,home win REG,left
2018020903,20182019,R,2019-02-17T03:30:00Z,6,26,4,2,away win REG,right
2018020904,20182019,R,2019-02-17T17:30:00Z,3,5,5,6,home win REG,left
2018020905,20182019,R,2019-02-17T20:00:00Z,19,30,4,0,away win REG,right
2018020906,20182019,R,2019-02-17T23:00:00Z,7,1,1,4,home win REG,left
2018020907,20182019,R,2019-02-17T23:00:00Z,4,17,3,1,away win REG,right
2018020908,20182019,R,2019-02-18T00:00:00Z,8,13,3,6,home win REG,right
2018020909,20182019,R,2019-02-18T02:00:00Z,15,24,2,5,home win REG,left
2018020910,20182019,R,2019-02-18T21:00:00Z,53,20,2,5,home win REG,right
2018020911,20182019,R,2019-02-19T00:30:00Z,14,29,5,1,away win REG,left
2018020912,20182019,R,2019-02-19T01:30:00Z,9,16,7,8,home win REG,right
2018020913,20182019,R,2019-02-19T02:00:00Z,54,21,0,3,home win REG,right
2018020915,20182019,R,2019-02-19T03:00:00Z,6,28,6,5,away win OT,left
2018020914,20182019,R,2019-02-19T03:30:00Z,15,26,3,2,away win REG,right
2018020916,20182019,R,2019-02-20T00:00:00Z,7,13,2,4,home win REG,right
2018020917,20182019,R,2019-02-20T00:00:00Z,5,1,4,3,away win REG,left
2018020918,20182019,R,2019-02-20T00:00:00Z,14,4,5,2,away win REG,right
2018020919,20182019,R,2019-02-20T00:00:00Z,3,12,2,1,away win REG,right
2018020920,20182019,R,2019-02-20T00:30:00Z,29,8,2,3,home win REG,right
2018020921,20182019,R,2019-02-20T01:00:00Z,10,19,2,3,home win OT,left
2018020922,20182019,R,2019-02-20T01:00:00Z,24,30,4,0,away win REG,right
2018020923,20182019,R,2019-02-20T01:30:00Z,18,25,5,3,away win REG,right
2018020924,20182019,R,2019-02-20T02:00:00Z,53,22,3,2,away win OT,left
2018020925,20182019,R,2019-02-21T00:30:00Z,16,17,5,4,away win OT,right
2018020926,20182019,R,2019-02-21T01:30:00Z,52,21,1,7,home win REG,right
2018020927,20182019,R,2019-02-21T02:30:00Z,2,20,2,4,home win REG,right
2018020928,20182019,R,2019-02-21T03:00:00Z,6,54,3,2,away win OT,
2018020929,20182019,R,2019-02-22T00:00:00Z,15,10,3,2,away win REG,right
2018020930,20182019,R,2019-02-22T00:00:00Z,12,13,4,3,away win REG,right
2018020931,20182019,R,2019-02-22T00:00:00Z,9,1,0,4,home win REG,left
2018020932,20182019,R,2019-02-22T00:00:00Z,30,3,4,1,away win REG,right
2018020933,20182019,R,2019-02-22T00:00:00Z,28,5,4,0,away win REG,left
2018020934,20182019,R,2019-02-22T00:30:00Z,4,8,1,5,home win REG,right
2018020935,20182019,R,2019-02-22T00:30:00Z,7,14,1,2,home win OT,left
2018020936,20182019,R,2019-02-22T01:00:00Z,26,18,1,2,home win REG,left
2018020937,20182019,R,2019-02-22T01:30:00Z,19,25,2,5,home win REG,right
2018020938,20182019,R,2019-02-22T02:00:00Z,2,22,3,4,home win OT,left
2018020939,20182019,R,2019-02-22T03:00:00Z,53,23,3,2,away win OT,right
2018020940,20182019,R,2019-02-23T00:00:00Z,29,9,3,0,away win REG,left
2018020942,20182019,R,2019-02-23T00:30:00Z,21,16,5,3,away win REG,right
2018020941,20182019,R,2019-02-23T00:30:00Z,30,17,3,2,away win REG,right
2018020943,20182019,R,2019-02-23T02:00:00Z,24,20,1,2,home win REG,right
2018020944,20182019,R,2019-02-23T03:00:00Z,52,54,6,3,away win REG,
2018020945,20182019,R,2019-02-23T18:00:00Z,15,7,2,5,home win REG,left
2018020946,20182019,R,2019-02-23T18:00:00Z,1,3,2,5,home win REG,right
2018020947,20182019,R,2019-02-23T21:00:00Z,6,19,1,2,home win OT,left
2018020950,20182019,R,2019-02-23T22:00:00Z,12,25,3,0,away win REG,right
2018020948,20182019,R,2019-02-23T22:00:00Z,26,13,1,6,home win REG,right
2018020949,20182019,R,2019-02-23T22:00:00Z,28,29,0,4,home win REG,left
2018020951,20182019,R,2019-02-23T22:30:00Z,21,18,5,0,away win REG,left
2018020952,20182019,R,2019-02-24T00:00:00Z,8,10,3,6,home win REG,right
2018020953,20182019,R,2019-02-24T01:00:00Z,5,4,3,4,home win OT,right
2018020955,20182019,R,2019-02-24T03:00:00Z,2,23,4,0,away win REG,right
2018020954,20182019,R,2019-02-24T03:00:00Z,24,22,1,2,home win REG,left
2018020956,20182019,R,2019-02-24T17:30:00Z,3,15,5,6,home win OT,right
2018020958,20182019,R,2019-02-24T20:00:00Z,25,16,4,3,away win REG,right
2018020957,20182019,R,2019-02-24T20:00:00Z,28,17,5,3,away win REG,right
2018020960,20182019,R,2019-02-25T00:00:00Z,19,30,1,2,home win OT,right
2018020959,20182019,R,2019-02-25T00:00:00Z,20,9,2,1,away win REG,left
2018020961,20182019,R,2019-02-25T02:00:00Z,52,53,1,4,home win REG,left
2018020962,20182019,R,2019-02-26T00:00:00Z,7,10,3,5,home win REG,right
2018020963,20182019,R,2019-02-26T00:00:00Z,8,1,1,2,home win REG,left
2018020964,20182019,R,2019-02-26T00:30:00Z,26,14,3,4,home win OT,left
2018020965,20182019,R,2019-02-26T01:00:00Z,22,18,2,3,home win OT,left
2018020966,20182019,R,2019-02-26T02:00:00Z,13,21,4,3,away win OT,right
2018020967,20182019,R,2019-02-26T03:00:00Z,24,23,0,4,home win REG,right
2018020968,20182019,R,2019-02-27T00:00:00Z,28,6,1,4,home win REG,left
2018020969,20182019,R,2019-02-27T00:00:00Z,20,2,3,1,away win REG,left
2018020970,20182019,R,2019-02-27T00:00:00Z,7,4,2,5,home win REG,right
2018020971,20182019,R,2019-02-27T00:00:00Z,9,15,2,7,home win REG,right
2018020972,20182019,R,2019-02-27T00:00:00Z,26,12,1,6,home win REG,right
2018020973,20182019,R,2019-02-27T00:00:00Z,5,29,5,2,away win REG,left
2018020974,20182019,R,2019-02-27T00:30:00Z,8,17,8,1,away win REG,right
2018020975,20182019,R,2019-02-27T01:00:00Z,18,19,0,2,home win REG,left
2018020976,20182019,R,2019-02-27T01:00:00Z,30,52,3,2,away win REG,right
2018020977,20182019,R,2019-02-27T02:00:00Z,13,53,3,4,home win OT,left
2018020978,20182019,R,2019-02-27T03:00:00Z,25,54,1,4,home win REG,
2018020979,20182019,R,2019-02-28T00:00:00Z,22,10,2,6,home win REG,right
2018020980,20182019,R,2019-02-28T00:00:00Z,20,1,2,1,away win REG,left
2018020981,20182019,R,2019-02-28T00:30:00Z,14,3,4,3,away win OT,right
2018020982,20182019,R,2019-02-28T02:30:00Z,23,21,2,3,home win OT,right
2018020983,20182019,R,2019-02-28T03:00:00Z,16,24,4,3,away win REG,left
2018020985,20182019,R,2019-03-01T00:00:00Z,10,2,1,6,home win REG,left
2018020986,20182019,R,2019-03-01T00:00:00Z,4,29,3,4,home win OT,left
2018020984,20182019,R,2019-03-01T00:30:00Z,14,6,1,4,home win REG,left
2018020987,20182019,R,2019-03-01T00:30:00Z,22,9,4,2,away win REG,left
2018020988,20182019,R,2019-03-01T02:00:00Z,23,53,2,5,home win REG,left
2018020989,20182019,R,2019-03-01T03:00:00Z,13,54,5,6,home win OT,
2018020990,20182019,R,2019-03-01T03:30:00Z,25,26,4,3,away win OT,right
2018020991,20182019,R,2019-03-02T00:00:00Z,5,7,3,4,home win OT,left
2018020992,20182019,R,2019-03-02T00:00:00Z,4,1,6,3,away win REG,left
2018020993,20182019,R,2019-03-02T00:00:00Z,15,2,3,1,away win REG,left
2018020994,20182019,R,2019-03-02T00:00:00Z,8,3,4,2,away win REG,right
2018020995,20182019,R,2019-03-02T00:30:00Z,19,12,2,5,home win REG,right
2018020996,20182019,R,2019-03-02T01:00:00Z,18,52,3,5,home win REG,right
2018020997,20182019,R,2019-03-02T03:00:00Z,54,24,3,0,away win REG,left
2018020998,20182019,R,2019-03-02T03:30:00Z,21,28,3,4,home win REG,left
2018020999,20182019,R,2019-03-02T18:00:00Z,22,29,4,0,away win REG,left
2018021000,20182019,R,2019-03-02T21:00:00Z,16,26,3,6,home win REG,right
2018021001,20182019,R,2019-03-03T00:00:00Z,1,6,0,1,home win REG,left
2018021002,20182019,R,2019-03-03T00:00:00Z,7,10,2,5,home win REG,right
2018021003,20182019,R,2019-03-03T00:00:00Z,5,8,5,1,away win REG,right
2018021004,20182019,R,2019-03-03T00:00:00Z,9,14,1,5,home win REG,left
2018021005,20182019,R,2019-03-03T00:00:00Z,12,13,4,3,away win OT,right
2018021007,20182019,R,2019-03-03T01:00:00Z,17,53,1,3,home win REG,left
2018021006,20182019,R,2019-03-03T01:00:00Z,25,19,4,1,away win REG,left
2018021008,20182019,R,2019-03-03T03:00:00Z,30,20,4,2,away win REG,right
2018021009,20182019,R,2019-03-03T17:30:00Z,15,3,3,2,away win OT,right
2018021010,20182019,R,2019-03-03T20:00:00Z,4,2,4,1,away win REG,left
2018021011,20182019,R,2019-03-03T21:00:00Z,23,54,0,3,home win REG,
2018021012,20182019,R,2019-03-03T21:00:00Z,21,24,1,2,home win REG,left
2018021013,20182019,R,2019-03-03T22:00:00Z,9,13,3,2,away win REG,right
2018021014,20182019,R,2019-03-04T00:00:00Z,52,29,5,2,away win REG,left
2018021015,20182019,R,2019-03-04T00:30:00Z,18,30,3,2,away win OT,right
2018021016,20182019,R,2019-03-04T03:00:00Z,16,28,2,5,home win REG,left
2018021017,20182019,R,2019-03-05T00:00:00Z,22,7,4,3,away win REG,left
2018021018,20182019,R,2019-03-05T02:00:00Z,10,20,6,2,away win REG,right
2018021019,20182019,R,2019-03-06T00:00:00Z,12,6,3,4,home win OT,left
2018021020,20182019,R,2019-03-06T00:00:00Z,29,1,2,1,away win OT,left
2018021021,20182019,R,2019-03-06T00:00:00Z,9,2,4,5,home win OT,left
2018021022,20182019,R,2019-03-06T00:00:00Z,13,5,2,3,home win OT,left
2018021023,20182019,R,2019-03-06T00:30:00Z,52,14,2,5,home win REG,left
2018021024,20182019,R,2019-03-06T01:00:00Z,30,18,4,5,home win OT,left
2018021025,20182019,R,2019-03-06T01:30:00Z,3,25,0,1,home win REG,right
2018021026,20182019,R,2019-03-06T02:00:00Z,17,21,3,4,home win OT,right
2018021027,20182019,R,2019-03-06T02:00:00Z,24,53,3,1,away win REG,left
2018021028,20182019,R,2019-03-06T03:30:00Z,8,26,3,1,away win REG,right
2018021029,20182019,R,2019-03-07T00:30:00Z,15,4,5,3,away win REG,right
2018021030,20182019,R,2019-03-07T02:00:00Z,10,23,2,3,home win OT,right
2018021031,20182019,R,2019-03-07T03:00:00Z,19,24,5,4,away win REG,left
2018021032,20182019,R,2019-03-07T03:30:00Z,20,54,1,2,home win REG,
2018021033,20182019,R,2019-03-08T00:00:00Z,13,6,3,4,home win REG,left
2018021034,20182019,R,2019-03-08T00:00:00Z,29,5,0,3,home win REG,left
2018021035,20182019,R,2019-03-08T00:30:00Z,2,9,4,2,away win REG,left
2018021036,20182019,R,2019-03-08T00:30:00Z,3,17,2,3,home win OT,right
2018021037,20182019,R,2019-03-08T00:30:00Z,30,14,3,0,away win REG,left
2018021038,20182019,R,2019-03-08T01:30:00Z,7,16,4,5,home win OT,right
2018021039,20182019,R,2019-03-08T01:30:00Z,21,25,0,4,home win REG,right
2018021040,20182019,R,2019-03-08T02:00:00Z,23,22,2,3,home win REG,left
2018021041,20182019,R,2019-03-08T02:00:00Z,20,53,0,2,home win REG,left
2018021042,20182019,R,2019-03-08T03:30:00Z,19,26,4,0,away win REG,right
2018021043,20182019,R,2019-03-08T03:30:00Z,8,28,2,5,home win REG,left
2018021044,20182019,R,2019-03-09T00:00:00Z,30,13,2,6,home win REG,right
2018021045,20182019,R,2019-03-09T00:00:00Z,1,15,0,3,home win REG,right
2018021046,20182019,R,2019-03-09T00:30:00Z,52,12,8,1,away win REG,right
2018021047,20182019,R,2019-03-09T03:00:00Z,8,24,2,8,home win REG,left
2018021048,20182019,R,2019-03-09T20:00:00Z,7,21,0,3,home win REG,right
2018021049,20182019,R,2019-03-09T21:00:00Z,19,28,2,3,home win OT,left
2018021055,20182019,R,2019-03-10T00:00:00Z,10,22,3,2,away win REG,left
2018021050,20182019,R,2019-03-10T00:00:00Z,9,6,2,3,home win REG,left
2018021051,20182019,R,2019-03-10T00:00:00Z,17,14,2,3,home win REG,left
2018021052,20182019,R,2019-03-10T00:00:00Z,4,2,5,2,away win REG,left
2018021053,20182019,R,2019-03-10T00:00:00Z,1,3,2,4,home win REG,right
2018021054,20182019,R,2019-03-10T00:00:00Z,5,29,1,4,home win REG,left
2018021058,20182019,R,2019-03-10T01:00:00Z,26,53,2,4,home win REG,left
2018021056,20182019,R,2019-03-10T01:00:00Z,12,18,5,3,away win REG,left
2018021057,20182019,R,2019-03-10T01:00:00Z,16,25,2,1,away win REG,right
2018021059,20182019,R,2019-03-10T03:00:00Z,54,23,6,2,away win REG,right
2018021060,20182019,R,2019-03-10T21:00:00Z,17,13,1,6,home win REG,right
2018021061,20182019,R,2019-03-10T23:00:00Z,52,15,1,3,home win REG,right
2018021062,20182019,R,2019-03-10T23:30:00Z,6,5,2,4,home win REG,left
2018021063,20182019,R,2019-03-11T01:30:00Z,54,20,3,6,home win REG,right
2018021064,20182019,R,2019-03-11T02:00:00Z,26,24,3,2,away win REG,left
2018021065,20182019,R,2019-03-11T23:00:00Z,14,10,6,2,away win REG,right
2018021066,20182019,R,2019-03-11T23:00:00Z,29,2,0,2,home win REG,left
2018021067,20182019,R,2019-03-11T23:00:00Z,9,4,2,3,home win REG,right
2018021068,20182019,R,2019-03-12T00:00:00Z,28,30,3,0,away win REG,right
2018021069,20182019,R,2019-03-12T00:30:00Z,53,16,1,7,home win REG,right
2018021070,20182019,R,2019-03-12T01:00:00Z,12,21,3,0,away win REG,right
2018021071,20182019,R,2019-03-12T01:00:00Z,3,22,2,3,home win OT,left
2018021072,20182019,R,2019-03-12T23:00:00Z,25,7,2,0,away win REG,left
2018021073,20182019,R,2019-03-12T23:00:00Z,15,5,3,5,home win REG,left
2018021074,20182019,R,2019-03-12T23:00:00Z,6,29,4,7,home win REG,left
2018021075,20182019,R,2019-03-12T23:30:00Z,17,8,1,3,home win REG,right
2018021076,20182019,R,2019-03-13T00:00:00Z,53,19,3,1,away win REG,left
2018021077,20182019,R,2019-03-13T00:00:00Z,28,52,5,4,away win REG,right
2018021078,20182019,R,2019-03-13T01:00:00Z,1,20,4,9,home win REG,right
2018021079,20182019,R,2019-03-13T02:00:00Z,18,24,2,3,home win REG,left
2018021080,20182019,R,2019-03-13T23:00:00Z,16,10,5,4,away win REG,right
2018021081,20182019,R,2019-03-14T01:30:00Z,1,22,6,3,away win REG,left
2018021082,20182019,R,2019-03-14T02:00:00Z,3,23,1,4,home win REG,right
2018021083,20182019,R,2019-03-14T23:00:00Z,5,7,5,0,away win REG,left
2018021084,20182019,R,2019-03-14T23:00:00Z,8,2,1,2,home win REG,left
2018021085,20182019,R,2019-03-14T23:00:00Z,15,4,5,2,away win REG,right
2018021086,20182019,R,2019-03-14T23:30:00Z,19,9,0,2,home win REG,left
2018021087,20182019,R,2019-03-14T23:30:00Z,14,17,5,4,away win REG,right
2018021088,20182019,R,2019-03-15T00:00:00Z,25,30,4,1,away win REG,right
2018021089,20182019,R,2019-03-15T00:00:00Z,6,52,3,4,home win REG,right
2018021090,20182019,R,2019-03-15T02:00:00Z,24,53,1,6,home win REG,left
2018021091,20182019,R,2019-03-15T02:30:00Z,18,26,3,1,away win REG,right
2018021092,20182019,R,2019-03-15T02:30:00Z,13,28,4,2,away win REG,left
2018021093,20182019,R,2019-03-15T23:00:00Z,4,10,6,7,home win REG,right
2018021094,20182019,R,2019-03-15T23:00:00Z,12,29,0,3,home win REG,left
2018021095,20182019,R,2019-03-16T00:00:00Z,54,25,2,1,away win REG,right
2018021096,20182019,R,2019-03-16T01:00:00Z,24,21,5,3,away win REG,right
2018021097,20182019,R,2019-03-16T01:00:00Z,3,20,1,5,home win REG,right
2018021098,20182019,R,2019-03-16T02:00:00Z,1,23,3,2,away win OT,right
2018021099,20182019,R,2019-03-16T17:00:00Z,19,5,5,1,away win REG,left
2018021100,20182019,R,2019-03-16T17:00:00Z,2,17,1,2,home win REG,right
2018021101,20182019,R,2019-03-16T20:00:00Z,13,26,4,3,away win REG,right
2018021107,20182019,R,2019-03-16T23:00:00Z,20,52,1,2,home win REG,right
2018021102,20182019,R,2019-03-16T23:00:00Z,29,6,1,2,home win OT,left
2018021103,20182019,R,2019-03-16T23:00:00Z,16,8,2,0,away win REG,right
2018021104,20182019,R,2019-03-16T23:00:00Z,10,9,2,6,home win REG,left
2018021105,20182019,R,2019-03-16T23:00:00Z,15,14,3,6,home win REG,left
2018021106,20182019,R,2019-03-16T23:00:00Z,7,12,2,4,home win REG,right
2018021108,20182019,R,2019-03-17T00:00:00Z,3,30,2,5,home win REG,right
2018021109,20182019,R,2019-03-17T02:00:00Z,22,53,3,2,away win OT,left
2018021110,20182019,R,2019-03-17T02:30:00Z,18,28,4,2,away win REG,left
2018021111,20182019,R,2019-03-17T19:00:00Z,1,21,0,3,home win REG,right
2018021112,20182019,R,2019-03-17T21:00:00Z,19,7,3,4,home win OT,left
2018021113,20182019,R,2019-03-17T22:00:00Z,2,30,3,2,away win OT,right
2018021114,20182019,R,2019-03-17T23:00:00Z,23,25,3,2,away win OT,right
2018021115,20182019,R,2019-03-17T23:30:00Z,4,5,2,1,away win OT,left
2018021116,20182019,R,2019-03-18T01:00:00Z,13,24,2,3,home win REG,left
2018021117,20182019,R,2019-03-18T02:00:00Z,22,54,3,6,home win REG,
2018021118,20182019,R,2019-03-18T23:30:00Z,53,14,1,4,home win REG,left
2018021119,20182019,R,2019-03-19T00:30:00Z,23,16,3,2,away win OT,right
2018021120,20182019,R,2019-03-19T02:30:00Z,52,26,3,2,away win REG,right
2018021121,20182019,R,2019-03-19T02:30:00Z,54,28,7,3,away win REG,left
2018021123,20182019,R,2019-03-19T23:00:00Z,6,2,5,0,away win REG,left
2018021124,20182019,R,2019-03-19T23:00:00Z,17,3,3,2,away win REG,right
2018021125,20182019,R,2019-03-19T23:00:00Z,8,4,3,1,away win REG,right
2018021126,20182019,R,2019-03-19T23:00:00Z,5,12,2,3,home win OT,right
2018021122,20182019,R,2019-03-19T23:30:00Z,15,1,4,1,away win REG,left
2018021127,20182019,R,2019-03-20T00:00:00Z,22,19,2,7,home win REG,left
2018021128,20182019,R,2019-03-20T00:00:00Z,10,18,0,3,home win REG,left
2018021129,20182019,R,2019-03-20T00:00:00Z,21,30,3,1,away win REG,right
2018021130,20182019,R,2019-03-20T00:30:00Z,13,25,2,4,home win REG,right
2018021131,20182019,R,2019-03-20T01:00:00Z,29,20,2,4,home win REG,right
2018021132,20182019,R,2019-03-20T23:00:00Z,10,7,4,2,away win REG,left
2018021133,20182019,R,2019-03-20T23:30:00Z,14,15,5,4,away win OT,right
2018021134,20182019,R,2019-03-21T02:00:00Z,9,23,4,7,home win REG,right
2018021135,20182019,R,2019-03-21T02:00:00Z,52,24,3,0,away win REG,left
2018021136,20182019,R,2019-03-21T23:00:00Z,53,13,2,4,home win REG,right
2018021137,20182019,R,2019-03-21T23:00:00Z,6,1,5,1,away win REG,left
2018021138,20182019,R,2019-03-21T23:00:00Z,14,12,6,3,away win REG,right
2018021139,20182019,R,2019-03-21T23:30:00Z,2,8,0,4,home win REG,right
2018021140,20182019,R,2019-03-22T00:00:00Z,17,19,2,5,home win REG,left
2018021141,20182019,R,2019-03-22T00:00:00Z,5,18,2,1,away win OT,left
2018021142,20182019,R,2019-03-22T00:30:00Z,4,16,3,1,away win REG,right
2018021143,20182019,R,2019-03-22T00:30:00Z,21,25,3,1,away win REG,right
2018021144,20182019,R,2019-03-22T01:00:00Z,9,20,1,5,home win REG,right
2018021145,20182019,R,2019-03-22T01:00:00Z,29,22,1,4,home win REG,left
2018021146,20182019,R,2019-03-22T02:00:00Z,52,54,0,5,home win REG,
2018021147,20182019,R,2019-03-22T02:30:00Z,28,26,2,4,home win REG,right
2018021148,20182019,R,2019-03-22T23:00:00Z,30,15,2,1,away win REG,right
2018021149,20182019,R,2019-03-23T02:00:00Z,28,24,3,4,home win OT,left
2018021150,20182019,R,2019-03-23T17:00:00Z,53,1,1,2,home win OT,left
2018021151,20182019,R,2019-03-23T17:00:00Z,2,4,4,2,away win REG,right
2018021152,20182019,R,2019-03-23T19:00:00Z,16,21,2,4,home win REG,right
2018021153,20182019,R,2019-03-23T20:00:00Z,9,22,4,3,away win OT,left
2018021158,20182019,R,2019-03-23T23:00:00Z,18,52,0,5,home win REG,right
2018021154,20182019,R,2019-03-23T23:00:00Z,3,10,2,1,away win OT,right
2018021155,20182019,R,2019-03-23T23:00:00Z,7,8,4,7,home win REG,right
2018021156,20182019,R,2019-03-23T23:00:00Z,6,13,7,3,away win REG,right
2018021157,20182019,R,2019-03-23T23:00:00Z,30,12,1,5,home win REG,right
2018021159,20182019,R,2019-03-24T00:00:00Z,14,19,3,4,home win REG,left
2018021160,20182019,R,2019-03-24T00:00:00Z,5,25,3,2,away win REG,right
2018021161,20182019,R,2019-03-24T02:00:00Z,20,23,3,1,away win REG,right
2018021162,20182019,R,2019-03-24T02:00:00Z,17,54,3,2,away win OT,
2018021163,20182019,R,2019-03-24T02:30:00Z,24,26,3,4,home win OT,right
2018021164,20182019,R,2019-03-24T16:30:00Z,4,15,1,3,home win REG,right
2018021165,20182019,R,2019-03-24T19:00:00Z,53,2,0,2,home win REG,left
2018021166,20182019,R,2019-03-24T23:00:00Z,8,12,1,2,home win OT,right
2018021167,20182019,R,2019-03-25T00:00:00Z,21,16,1,2,home win OT,right
2018021168,20182019,R,2019-03-25T02:00:00Z,29,23,5,0,away win REG,right
2018021169,20182019,R,2019-03-25T23:00:00Z,13,10,5,7,home win REG,right
2018021170,20182019,R,2019-03-25T23:00:00Z,7,1,1,3,home win REG,left
2018021171,20182019,R,2019-03-25T23:00:00Z,5,3,5,2,away win REG,right
2018021172,20182019,R,2019-03-25T23:30:00Z,6,14,4,5,home win REG,left
2018021173,20182019,R,2019-03-26T00:00:00Z,54,19,1,3,home win REG,left
2018021174,20182019,R,2019-03-26T00:00:00Z,18,30,1,0,away win REG,right
2018021175,20182019,R,2019-03-26T00:00:00Z,25,52,5,2,away win REG,right
2018021176,20182019,R,2019-03-26T01:00:00Z,26,20,3,0,away win REG,right
2018021177,20182019,R,2019-03-26T02:30:00Z,17,28,3,2,away win REG,left
2018021178,20182019,R,2019-03-26T23:00:00Z,12,15,1,4,home win REG,right
2018021179,20182019,R,2019-03-26T23:00:00Z,2,29,0,4,home win REG,left
2018021180,20182019,R,2019-03-26T23:30:00Z,13,8,1,6,home win REG,right
2018021181,20182019,R,2019-03-26T23:30:00Z,7,9,0,4,home win REG,left
2018021182,20182019,R,2019-03-27T01:00:00Z,26,22,4,8,home win REG,left
2018021183,20182019,R,2019-03-27T02:00:00Z,24,23,5,4,away win REG,right
2018021184,20182019,R,2019-03-27T02:00:00Z,16,53,0,1,home win REG,left
2018021185,20182019,R,2019-03-27T23:00:00Z,10,4,4,5,home win OT,right
2018021186,20182019,R,2019-03-27T23:30:00Z,3,6,3,6,home win REG,left
2018021187,20182019,R,2019-03-28T01:30:00Z,25,20,2,1,away win REG,right
2018021188,20182019,R,2019-03-28T02:00:00Z,54,21,3,4,home win REG,right
2018021189,20182019,R,2019-03-28T23:00:00Z,17,7,5,4,away win OT,left
2018021190,20182019,R,2019-03-28T23:00:00Z,15,12,3,2,away win REG,right
2018021191,20182019,R,2019-03-28T23:00:00Z,8,29,2,6,home win REG,left
2018021192,20182019,R,2019-03-28T23:30:00Z,13,9,5,2,away win REG,left
2018021193,20182019,R,2019-03-29T00:00:00Z,2,52,5,4,away win REG,right
2018021194,20182019,R,2019-03-29T01:00:00Z,25,22,3,2,away win OT,left
2018021195,20182019,R,2019-03-29T02:00:00Z,26,23,2,3,home win OT,right
2018021196,20182019,R,2019-03-29T02:30:00Z,16,28,5,4,away win REG,left
2018021197,20182019,R,2019-03-29T23:00:00Z,19,3,2,4,home win REG,right
2018021198,20182019,R,2019-03-29T23:00:00Z,18,5,3,1,away win REG,left
2018021199,20182019,R,2019-03-29T23:30:00Z,1,17,0,4,home win REG,right
2018021200,20182019,R,2019-03-30T01:00:00Z,53,21,2,3,home win OT,right
2018021201,20182019,R,2019-03-30T01:00:00Z,24,20,1,6,home win REG,right
2018021202,20182019,R,2019-03-30T02:00:00Z,30,54,3,2,away win REG,
2018021204,20182019,R,2019-03-30T17:00:00Z,13,6,4,1,away win REG,left
2018021203,20182019,R,2019-03-30T17:30:00Z,4,12,2,5,home win REG,right
2018021209,20182019,R,2019-03-30T23:00:00Z,8,52,3,1,away win REG,right
2018021205,20182019,R,2019-03-30T23:00:00Z,10,9,2,4,home win REG,left
2018021206,20182019,R,2019-03-30T23:00:00Z,15,14,6,3,away win REG,left
2018021207,20182019,R,2019-03-30T23:00:00Z,19,1,3,2,away win OT,left
2018021208,20182019,R,2019-03-30T23:00:00Z,7,2,1,5,home win REG,left
2018021210,20182019,R,2019-03-31T00:00:00Z,29,18,5,2,away win REG,left
2018021211,20182019,R,2019-03-31T01:00:00Z,54,28,3,4,home win OT,left
2018021213,20182019,R,2019-03-31T02:00:00Z,25,23,2,3,home win OT,right
2018021212,20182019,R,2019-03-31T02:00:00Z,24,22,5,1,away win REG,left
2018021214,20182019,R,2019-03-31T02:30:00Z,16,26,2,3,home win OT,right
2018021215,20182019,R,2019-03-31T16:30:00Z,3,4,3,0,away win REG,right
2018021217,20182019,R,2019-03-31T21:00:00Z,30,53,0,4,home win REG,left
2018021216,20182019,R,2019-03-31T21:00:00Z,12,5,1,3,home win REG,left
2018021218,20182019,R,2019-03-31T22:00:00Z,29,7,4,0,away win REG,left
2018021219,20182019,R,2019-03-31T23:30:00Z,6,17,3,6,home win REG,right
2018021220,20182019,R,2019-04-01T00:00:00Z,20,28,5,3,away win REG,left
2018021221,20182019,R,2019-04-01T23:00:00Z,15,13,3,5,home win REG,right
2018021222,20182019,R,2019-04-01T23:00:00Z,3,1,2,4,home win REG,left
2018021223,20182019,R,2019-04-01T23:00:00Z,10,2,2,1,away win REG,left
2018021224,20182019,R,2019-04-01T23:30:00Z,14,9,5,2,away win REG,left
2018021225,20182019,R,2019-04-02T00:00:00Z,21,19,2,3,home win OT,left
2018021226,20182019,R,2019-04-02T00:30:00Z,52,16,4,3,away win OT,right
2018021227,20182019,R,2019-04-02T02:00:00Z,22,54,1,3,home win REG,
2018021228,20182019,R,2019-04-02T02:00:00Z,20,26,7,2,away win REG,right
2018021229,20182019,R,2019-04-02T23:00:00Z,18,7,3,2,away win REG,left
2018021230,20182019,R,2019-04-02T23:00:00Z,6,29,6,2,away win REG,left
2018030174,20182019,P,2019-04-18T02:00:00Z,20,21,2,3,home win OT,right
2018021231,20182019,R,2019-04-02T23:30:00Z,12,10,4,1,away win REG,right
2018021232,20182019,R,2019-04-02T23:30:00Z,14,8,2,4,home win REG,right
2018021233,20182019,R,2019-04-02T23:30:00Z,5,17,1,4,home win REG,right
2018021234,20182019,R,2019-04-03T00:00:00Z,52,30,1,5,home win REG,right
2018021235,20182019,R,2019-04-03T00:30:00Z,4,25,2,6,home win REG,right
2018021236,20182019,R,2019-04-03T01:00:00Z,22,21,2,6,home win REG,right
2018021237,20182019,R,2019-04-03T02:00:00Z,28,23,2,4,home win REG,right
2018021238,20182019,R,2019-04-03T02:00:00Z,26,53,3,1,away win REG,left
2018021239,20182019,R,2019-04-03T23:30:00Z,9,3,4,1,away win REG,right
2018021240,20182019,R,2019-04-04T00:00:00Z,19,16,3,4,home win OT,right
2018021241,20182019,R,2019-04-04T02:30:00Z,20,24,1,3,home win REG,left
2018021242,20182019,R,2019-04-04T23:00:00Z,9,7,2,5,home win REG,left
2018021243,20182019,R,2019-04-04T23:00:00Z,14,10,3,1,away win REG,right
2018021244,20182019,R,2019-04-04T23:00:00Z,2,13,2,1,away win OT,right
2018021245,20182019,R,2019-04-04T23:00:00Z,17,5,1,4,home win REG,left
2018021246,20182019,R,2019-04-04T23:00:00Z,8,15,1,2,home win REG,right
2018021247,20182019,R,2019-04-04T23:00:00Z,1,12,1,3,home win REG,right
2018021248,20182019,R,2019-04-05T00:00:00Z,4,19,3,7,home win REG,left
2018021249,20182019,R,2019-04-05T00:00:00Z,23,18,2,3,home win REG,left
2018021250,20182019,R,2019-04-05T00:00:00Z,6,30,3,0,away win REG,right
2018021251,20182019,R,2019-04-05T01:00:00Z,52,21,2,3,home win OT,right
2018021252,20182019,R,2019-04-05T01:00:00Z,28,22,3,2,away win REG,left
2018021253,20182019,R,2019-04-05T02:00:00Z,53,54,4,1,away win REG,
2018021254,20182019,R,2019-04-05T23:00:00Z,29,3,3,2,away win OT,right
2018021255,20182019,R,2019-04-06T00:30:00Z,25,16,1,6,home win REG,right
2018021256,20182019,R,2019-04-06T02:00:00Z,26,24,2,5,home win REG,left
2018021257,20182019,R,2019-04-06T17:00:00Z,14,6,6,3,away win REG,left
2018021258,20182019,R,2019-04-06T20:00:00Z,23,19,2,3,home win OT,left
2018021259,20182019,R,2019-04-06T23:00:00Z,10,8,5,6,home win OT,right
2018021260,20182019,R,2019-04-06T23:00:00Z,29,9,6,2,away win REG,left
2018021261,20182019,R,2019-04-06T23:00:00Z,7,17,7,1,away win REG,right
2018021262,20182019,R,2019-04-06T23:00:00Z,1,13,4,3,away win OT,right
2018021263,20182019,R,2019-04-06T23:00:00Z,12,4,4,3,away win REG,right
2018021264,20182019,R,2019-04-06T23:00:00Z,3,5,4,3,away win OT,left
2018021265,20182019,R,2019-04-06T23:00:00Z,2,15,3,0,away win REG,right
2018021266,20182019,R,2019-04-07T00:00:00Z,16,18,2,5,home win REG,left
2018021267,20182019,R,2019-04-07T00:00:00Z,30,25,0,3,home win REG,right
2018021269,20182019,R,2019-04-07T02:00:00Z,52,53,4,2,away win REG,left
2018021268,20182019,R,2019-04-07T02:00:00Z,22,20,3,1,away win REG,right
2018021270,20182019,R,2019-04-07T02:30:00Z,54,26,2,5,home win REG,right
2018021271,20182019,R,2019-04-07T02:30:00Z,21,28,2,5,home win REG,left
2018030111,20182019,P,2019-04-10T23:00:00Z,29,14,4,3,away win REG,left
2018030141,20182019,P,2019-04-10T23:30:00Z,5,2,3,4,home win OT,left
2018030161,20182019,P,2019-04-11T00:00:00Z,19,52,2,1,away win REG,right
2018030151,20182019,P,2019-04-11T01:30:00Z,25,18,3,2,away win REG,left
2018030181,20182019,P,2019-04-11T02:30:00Z,54,28,2,5,home win REG,left
2018030121,20182019,P,2019-04-11T23:00:00Z,10,6,4,1,away win REG,left
2018030131,20182019,P,2019-04-11T23:30:00Z,12,15,2,4,home win REG,right
2018030171,20182019,P,2019-04-12T02:00:00Z,21,20,0,4,home win REG,right
2018030112,20182019,P,2019-04-12T23:00:00Z,29,14,5,1,away win REG,left
2018030142,20182019,P,2019-04-12T23:30:00Z,5,2,1,3,home win REG,left
2018030162,20182019,P,2019-04-13T01:30:00Z,19,52,4,3,away win REG,right
2018030182,20182019,P,2019-04-13T02:30:00Z,54,28,5,3,away win REG,left
2018030132,20182019,P,2019-04-13T19:00:00Z,12,15,3,4,home win OT,right
2018030152,20182019,P,2019-04-13T22:00:00Z,25,18,1,2,home win OT,left
2018030122,20182019,P,2019-04-14T00:00:00Z,10,6,1,4,home win REG,left
2018030172,20182019,P,2019-04-14T02:30:00Z,21,20,3,2,away win OT,right
2018030143,20182019,P,2019-04-14T16:00:00Z,2,5,4,1,away win REG,left
2018030113,20182019,P,2019-04-14T23:00:00Z,14,29,1,3,home win REG,left
2018030163,20182019,P,2019-04-14T23:30:00Z,52,19,6,3,away win REG,left
2018030183,20182019,P,2019-04-15T02:00:00Z,28,54,3,6,home win REG,
2018030123,20182019,P,2019-04-15T23:00:00Z,6,10,2,3,home win REG,right
2018030133,20182019,P,2019-04-15T23:00:00Z,15,12,0,5,home win REG,right
2018030153,20182019,P,2019-04-16T01:30:00Z,18,25,3,2,away win REG,right
2018030173,20182019,P,2019-04-16T02:00:00Z,20,21,2,6,home win REG,right
2018030114,20182019,P,2019-04-16T23:00:00Z,14,29,3,7,home win REG,left
2018030144,20182019,P,2019-04-16T23:30:00Z,2,5,3,1,away win REG,left
2018030164,20182019,P,2019-04-17T01:30:00Z,52,19,2,1,away win OT,left
2018030184,20182019,P,2019-04-17T02:30:00Z,28,54,0,5,home win REG,
2018030124,20182019,P,2019-04-17T23:00:00Z,6,10,6,4,away win REG,right
2018030154,20182019,P,2019-04-18T00:00:00Z,18,25,1,5,home win REG,right
2018030134,20182019,P,2019-04-18T23:00:00Z,15,12,1,2,home win REG,right
2018030165,20182019,P,2019-04-19T00:30:00Z,19,52,3,2,away win REG,right
2018030185,20182019,P,2019-04-19T02:00:00Z,54,28,2,5,home win REG,left
2018030125,20182019,P,2019-04-19T23:00:00Z,10,6,2,1,away win REG,left
2018030175,20182019,P,2019-04-20T02:00:00Z,21,20,5,1,away win REG,right
2018030155,20182019,P,2019-04-20T19:00:00Z,25,18,5,3,away win REG,left
2018030166,20182019,P,2019-04-20T23:00:00Z,52,19,2,3,home win REG,left
2018030135,20182019,P,2019-04-21T00:00:00Z,12,15,0,6,home win REG,right
2018030126,20182019,P,2019-04-21T19:00:00Z,6,10,4,2,away win REG,right
2018030186,20182019,P,2019-04-21T23:00:00Z,28,54,2,1,away win OT,
2018030136,20182019,P,2019-04-22T23:00:00Z,15,12,2,5,home win REG,right
2018030156,20182019,P,2019-04-23T00:30:00Z,18,25,1,2,home win OT,right
2018030127,20182019,P,2019-04-23T23:00:00Z,10,6,1,5,home win REG,left
2018030187,20182019,P,2019-04-24T02:00:00Z,54,28,4,5,home win OT,left
2018030137,20182019,P,2019-04-24T23:30:00Z,12,15,4,3,away win OT,right
2018030211,20182019,P,2019-04-25T23:00:00Z,29,6,2,3,home win OT,left
2018030231,20182019,P,2019-04-26T01:30:00Z,25,19,2,3,home win REG,left
2018030221,20182019,P,2019-04-26T23:00:00Z,12,2,1,0,away win OT,left
2018030241,20182019,P,2019-04-27T02:00:00Z,21,28,2,5,home win REG,left
2018030232,20182019,P,2019-04-27T19:00:00Z,25,19,4,2,away win REG,left
2018030212,20182019,P,2019-04-28T00:00:00Z,29,6,3,2,away win OT,left
2018030222,20182019,P,2019-04-28T19:00:00Z,12,2,2,1,away win REG,left
2018030242,20182019,P,2019-04-28T23:30:00Z,21,28,4,3,away win REG,left
2018030233,20182019,P,2019-04-30T00:00:00Z,19,25,4,3,away win REG,right
2018030213,20182019,P,2019-04-30T23:00:00Z,6,29,1,2,home win REG,left
2018030243,20182019,P,2019-05-01T02:00:00Z,28,21,4,2,away win REG,right
2018030223,20182019,P,2019-05-01T23:00:00Z,2,12,2,5,home win REG,right
2018030234,20182019,P,2019-05-02T01:30:00Z,19,25,2,4,home win REG,right
2018030214,20182019,P,2019-05-02T23:30:00Z,6,29,4,1,away win REG,left
2018030244,20182019,P,2019-05-03T02:00:00Z,28,21,0,3,home win REG,right
2018030224,20182019,P,2019-05-03T23:00:00Z,2,12,2,5,home win REG,right
2018030235,20182019,P,2019-05-04T01:30:00Z,25,19,2,1,away win REG,left
2018030215,20182019,P,2019-05-04T23:15:00Z,29,6,3,4,home win REG,left
2018030245,20182019,P,2019-05-05T02:00:00Z,21,28,1,2,home win REG,left
2018030236,20182019,P,2019-05-05T19:00:00Z,19,25,4,1,away win REG,right
2018030216,20182019,P,2019-05-06T23:00:00Z,6,29,3,0,away win REG,left
2018030246,20182019,P,2019-05-07T02:00:00Z,28,21,3,4,home win OT,right
2018030237,20182019,P,2019-05-08T00:00:00Z,25,19,1,2,home win OT,left
2018030247,20182019,P,2019-05-09T01:00:00Z,21,28,2,3,home win REG,left
2018030311,20182019,P,2019-05-10T00:00:00Z,12,6,2,5,home win REG,left
2018030321,20182019,P,2019-05-12T00:00:00Z,19,28,3,6,home win REG,left
2018030312,20182019,P,2019-05-12T19:00:00Z,12,6,2,6,home win REG,left
2018030322,20182019,P,2019-05-14T01:00:00Z,19,28,4,2,away win REG,left
2018030313,20182019,P,2019-05-15T00:00:00Z,6,12,2,1,away win REG,right
2018030323,20182019,P,2019-05-16T00:00:00Z,28,19,5,4,away win OT,left
2018030314,20182019,P,2019-05-17T00:00:00Z,6,12,4,0,away win REG,right
2018030324,20182019,P,2019-05-18T00:00:00Z,28,19,1,2,home win REG,left
2018030325,20182019,P,2019-05-19T19:00:00Z,19,28,5,0,away win REG,left
2018030326,20182019,P,2019-05-22T00:00:00Z,28,19,1,5,home win REG,left
2018030411,20182019,P,2019-05-28T00:00:00Z,19,6,2,4,home win REG,left
2018030412,20182019,P,2019-05-30T00:00:00Z,19,6,3,2,away win OT,left
2018030413,20182019,P,2019-06-02T00:00:00Z,6,19,7,2,away win REG,left
2018030414,20182019,P,2019-06-04T00:00:00Z,6,19,2,4,home win REG,left
2018030415,20182019,P,2019-06-07T00:00:00Z,19,6,2,1,away win REG,left
2018030416,20182019,P,2019-06-10T00:00:00Z,6,19,5,1,away win REG,left
2018030417,20182019,P,2019-06-13T00:00:00Z,19,6,4,1,away win REG,left
